Date,Open,High,Low,Close,Adj Close,Volume,rel_short,rel_mid,rel_long
2016-04-28,119.25,120.540001,118.91999799999999,119.480003,113.12312299999999,289800,-0.045487876971718855,,
2016-04-29,119.279999,119.68,118.300003,119.470001,113.11363999999999,318200,-0.04992872216340327,,
2016-05-02,119.760002,120.349998,119.339996,119.809998,113.43555500000001,436500,-0.061129518944095906,,
2016-05-03,118.779999,119.610001,118.269997,119.360001,113.009491,338600,-0.04313068114552365,,
2016-05-04,118.91999799999999,120.43,118.480003,118.639999,112.327805,407800,-0.05256396990485346,,
2016-05-05,119.279999,119.849998,118.360001,118.620003,112.30886799999999,308600,-0.05909008308016972,,
2016-05-06,118.199997,118.690002,117.07,118.589996,112.280464,614600,-0.055943406253303074,,
2016-05-09,118.68,119.980003,118.41999799999999,119.889999,113.511299,763800,-0.045082263898112984,0.011707210862022421,
2016-05-10,122.0,127.529999,121.019997,126.239998,119.523453,1845500,-0.031002817547912898,0.04591895731430107,
2016-05-11,126.019997,126.639999,123.57,123.620003,117.042847,807000,-0.06482079780458783,0.03949165583615777,
2016-05-12,124.239998,126.33000200000001,123.769997,126.160004,119.44771599999999,789400,-0.03785511835164712,0.05504837884258418,
2016-05-13,125.889999,126.790001,125.510002,126.25,119.532928,740200,-0.044082539557747324,0.06437173869248536,
2016-05-16,126.16999799999999,128.130005,126.160004,127.800003,121.00045800000001,747200,-0.05162390217757107,0.06675477599947399,
2016-05-17,127.089996,127.690002,126.379997,127.5,120.71641499999998,1130700,-0.0427796041711872,0.07728297828961583,
2016-05-18,127.0,127.809998,126.209999,126.629997,119.8927,1042100,-0.05917837209508292,0.06008159377562006,
2016-05-19,126.5,128.130005,125.760002,128.0,121.189819,442300,-0.04084228662331846,0.03535221746677042,
2016-05-20,128.639999,129.179993,127.459999,128.029999,121.218216,584200,-0.06452537743956732,0.04095005634950333,
2016-05-23,127.790001,128.08999599999999,126.800003,127.91999799999999,121.11406699999999,329200,-0.05161175566205323,0.02166998672531406,
2016-05-24,128.149994,128.470001,126.540001,128.25,121.426506,404800,-0.06523251661789065,0.0014301727830279276,
2016-05-25,128.309998,129.33999599999999,128.309998,129.0,122.136604,275100,-0.054878190969490426,-0.002142896939082206,
2016-05-26,129.050003,129.300003,128.639999,128.929993,122.070305,448900,-0.054961963042629236,-0.009581055042531261,
2016-05-27,128.919998,129.369995,128.16000400000001,129.33999599999999,122.458496,254500,-0.055716728671468374,-0.003631636040211994,
2016-05-31,129.21000700000002,129.449997,128.029999,129.0,122.136604,513900,-0.05478361147796651,-0.01973239526529902,
2016-06-01,129.0,129.419998,128.21000700000002,128.919998,122.06086,616400,-0.05786348434728694,-0.01571997622058241,
2016-06-02,128.820007,128.820007,127.68,128.71000700000002,121.86203799999998,446800,-0.05911929141893246,-0.021398957638273153,
2016-06-03,128.490005,128.71000700000002,127.279999,128.330002,121.50225800000001,580800,-0.0535675930742201,-0.01042736630092822,
2016-06-06,128.880005,129.639999,128.279999,128.83999599999999,121.985115,495100,-0.059058452520639904,-0.010226915506902579,
2016-06-07,129.100006,130.169998,128.570007,129.529999,122.638405,314800,-0.05227075729800035,-0.005841823286615977,
2016-06-08,129.759995,131.300003,128.83999599999999,131.009995,124.03966499999999,380700,-0.04811465659507608,0.003317919271717429,0.07147508786914791
2016-06-09,130.16000400000001,130.600006,129.5,129.800003,122.894043,482300,-0.05736162862915961,-0.0026154211202991107,0.05892335839547336
2016-06-10,129.020004,129.229996,127.5,128.759995,121.90936299999998,726100,-0.050269647514568305,0.00031215765970848963,0.06503389362478718
2016-06-13,128.490005,128.580002,127.290001,127.339996,120.564926,403000,-0.057577567075174585,0.0018219268464187977,0.057141334776043884
2016-06-14,126.550003,127.699997,124.480003,127.370003,120.59333000000001,785500,-0.04757295493339786,0.003898655005929008,0.059273200180514074
2016-06-15,128.08999599999999,128.08999599999999,126.099998,126.209999,119.49504099999999,511300,-0.06651779201155517,-0.0024888932098274807,0.05189607034366173
2016-06-16,125.82,126.18,124.41999799999999,125.93,119.229942,767700,-0.05941081825470462,-0.011890528519018062,0.04996957144145053
2016-06-17,125.949997,126.0,124.260002,125.5,118.822823,568900,-0.05488715849456227,-0.020104720479745986,0.039663156527379506
2016-06-20,126.209999,127.529999,126.160004,127.0,120.24301100000001,692600,-0.05212089563582367,-0.00645520501230834,0.0065491960688639494
2016-06-21,127.589996,127.93,127.050003,127.279999,120.508118,431900,-0.05888246144447429,-0.008134091871660587,0.01740814591696882
2016-06-22,127.540001,127.75,126.41999799999999,126.860001,120.11045800000001,723800,-0.05795844020568186,-0.006845349015184077,-0.004752393081724371
2016-06-23,127.489998,128.470001,126.769997,127.230003,120.99488799999999,569200,-0.06204691478750313,-0.01482049055763568,-0.019919029069606964
2016-06-24,123.739998,126.199997,121.690002,122.139999,116.154327,1237200,-0.031192257272306456,-0.011761588059262529,-0.026620293715074794
2016-06-27,121.110001,121.550003,117.82,119.559998,113.700768,1452900,-0.04779644038341324,-0.009499847089744051,-0.03681325393790935
2016-06-28,120.0,121.230003,119.110001,121.150002,115.21286,613000,-0.055265000433331934,-0.013745620985736728,-0.03416405823397728
2016-06-29,122.410004,124.139999,122.129997,123.809998,117.742493,845600,-0.05252911226204837,-0.015006163730020283,-0.04380918512792675
2016-06-30,124.5,126.099998,123.769997,126.07,119.891747,676500,-0.050032080545712176,-0.00988471909845412,-0.03342662953098863
2016-07-01,126.470001,128.100006,125.66999799999999,126.029999,119.853691,374700,-0.05545142260701841,-0.010496507268033639,-0.03691888707507207
2016-07-05,125.66999799999999,126.18,124.769997,125.690002,119.53035,389500,-0.04698171962235875,-0.00038784871689134803,-0.02173705056952624
2016-07-06,125.449997,127.08000200000001,125.139999,126.989998,120.766655,604300,-0.04536038782288987,0.008811155110164393,-0.015666241665828196
2016-07-07,126.959999,128.470001,126.75,127.550003,121.299217,445800,-0.04441121756836086,0.017170571436832205,-0.010061627458545885
2016-07-08,128.529999,129.75,128.419998,129.529999,123.18218200000001,462900,-0.053322019872613424,0.021839341124705314,-0.008693081069059971
2016-07-11,130.0,130.33999599999999,129.190002,129.380005,123.03952,218000,-0.057577497557094404,0.012448352201809065,-0.011628437660818669
2016-07-12,130.320007,131.479996,129.179993,131.199997,124.77033200000001,416700,-0.049408804045179444,0.014817220949986165,-0.0028894323604200522
2016-07-13,131.46000700000002,132.360001,131.259995,132.240005,125.75936899999999,384400,-0.043691375530626075,0.024842246644163346,0.009322317207364428
2016-07-14,133.070007,133.33999599999999,131.5,131.75,125.29338100000001,335900,-0.0629339463542049,0.011714962515186222,0.0004052782465882032
2016-07-15,132.16000400000001,132.71000700000002,131.809998,132.100006,125.626236,353800,-0.049135319005290334,0.010346212112782638,0.004906885953857021
2016-07-18,131.869995,132.740005,131.279999,132.220001,125.74034099999999,262500,-0.04983822799993565,0.0036025212548667085,-0.0006172829170631999
2016-07-19,131.66000400000001,133.139999,131.619995,132.509995,126.016121,325200,-0.043808403056574186,0.006963707813331332,-0.005047292527446068
2016-07-20,132.979996,134.509995,131.899994,133.919998,127.357025,317700,-0.04639390154770684,0.017848647633201153,0.008835631092681595
2016-07-21,133.529999,133.75,132.360001,132.869995,126.35850500000001,216800,-0.051634621383004564,0.006612243213528934,0.0034106531934003925
2016-07-22,133.059998,134.429993,132.649994,134.029999,127.46161699999999,252500,-0.04692823252929923,0.0029998989554007593,0.01050028931634639
2016-07-25,134.130005,135.259995,133.850006,135.25,128.621841,336300,-0.039523966972662805,0.02403497424436818,0.020541597485027374
2016-07-26,135.550003,135.550003,133.919998,134.41000400000001,127.823021,296600,-0.05879073681999181,0.013899804905779689,0.02129558406946419
2016-07-27,134.369995,134.369995,132.350006,133.199997,126.67233300000001,335900,-0.05750374454261653,0.00752768939585291,0.018800934997807772
2016-07-28,132.929993,133.610001,132.759995,133.259995,126.72936200000001,243700,-0.049618405631703943,0.002745823049395746,0.017803251001695664
2016-07-29,133.21000700000002,133.550003,132.419998,133.25,126.71986399999999,354700,-0.05214496469039265,-0.005282417922769511,0.010008418182220424
2016-08-01,133.350006,133.58999599999999,132.509995,133.389999,126.853004,316300,-0.04888487551689913,0.001290437015911472,0.012835182080972452
2016-08-02,133.199997,133.240005,132.270004,132.869995,126.35850500000001,288700,-0.04676138974531785,-0.0003819496289034774,0.01696368870262699
2016-08-03,133.169998,134.03999299999998,132.259995,134.03999299999998,127.471153,273600,-0.04696743068272102,-0.006821425789232727,0.028540662253430327
2016-08-04,134.270004,136.75,134.08999599999999,135.759995,129.106842,483700,-0.039554407430302696,0.012268938874044899,0.04532611100277162
2016-08-05,136.03999299999998,136.16000400000001,132.639999,134.009995,127.44261200000001,636700,-0.07175389936000798,-0.001428190833230758,0.026872591254321065
2016-08-08,133.66000400000001,133.940002,132.149994,132.71000700000002,126.206345,769500,-0.056065900820154724,-0.009113735752681151,0.02243513623475124
2016-08-09,136.369995,139.809998,135.16000400000001,136.380005,129.696472,1327100,-0.049945704862698115,0.01948014011138266,0.04449472202362337
2016-08-10,136.490005,136.779999,134.46000700000002,135.53999299999998,128.89764399999999,420600,-0.053873613763731676,0.013849972799255816,0.03656987397868239
2016-08-11,135.770004,136.58999599999999,135.509995,136.03999299999998,129.373154,213200,-0.051845511867408156,0.01033270258268093,0.03779289855334156
2016-08-12,135.46000700000002,136.449997,135.169998,135.58999599999999,128.945175,330800,-0.04943110667024975,0.0021775839605950864,0.03110609493091676
2016-08-15,136.0,136.020004,135.28999299999998,135.889999,129.230515,292600,-0.05291710666353122,-0.010938655226566674,0.025576300666040552
2016-08-16,135.83999599999999,135.83999599999999,133.78999299999998,134.03999299999998,127.471153,394600,-0.059880284043722476,0.0023886573548939083,0.012090677172382769
2016-08-17,134.220001,134.509995,133.330002,134.220001,127.642319,236300,-0.0522573762924905,0.010704050684598343,0.01129984579464427
2016-08-18,134.380005,136.369995,134.380005,136.199997,129.525299,322400,-0.0391393073806805,-0.0037378453403507095,0.028308524481463593
2016-08-19,135.779999,137.740005,135.229996,137.529999,130.790115,328200,-0.037272707235173286,0.010730566780145168,0.03248321980884139
2016-08-22,137.41000400000001,137.600006,136.600006,137.58999599999999,130.847183,156000,-0.049424769771205135,0.01277143779444323,0.025722089703621442
2016-08-23,138.53999299999998,139.070007,137.389999,138.08999599999999,131.322662,205000,-0.05308557918350143,0.01696605222690195,0.03635718464263249
2016-08-24,138.059998,138.649994,137.610001,137.860001,131.103943,279800,-0.047271750100907894,0.021131793000227717,0.03636188155348563
2016-08-25,137.630005,138.729996,137.169998,138.53999299999998,131.750595,171500,-0.043280847151282664,0.03563170745387012,0.04411986337138618
2016-08-26,138.770004,139.16000400000001,135.71000700000002,136.419998,129.734528,310800,-0.0645376507557156,0.022316303340865318,0.026652441322178255
2016-08-29,136.509995,137.740005,136.509995,137.449997,130.71405,258000,-0.04807014818775901,0.012176667675465325,0.022636544523727764
2016-08-30,137.850006,139.21000700000002,137.470001,138.449997,131.665024,417400,-0.04437618017804912,0.010222195011775348,0.036093171607087804
2016-08-31,138.21000700000002,138.949997,138.149994,138.580002,131.788635,358500,-0.04637336279181792,0.012539556011842201,0.035261746760062884
2016-09-01,138.240005,138.809998,137.520004,138.369995,131.588974,334300,-0.0490916427799899,0.009387387070751707,0.021709597469016018
2016-09-02,139.03999299999998,139.270004,138.229996,138.990005,132.178574,280500,-0.05175063006026459,0.006078597608158098,0.02854067425586404
2016-09-06,139.399994,139.550003,138.139999,138.770004,131.96936000000002,245200,-0.05700743112130624,-0.0047691090162205185,0.03182306495931275
2016-09-07,139.110001,139.33999599999999,138.020004,139.330002,132.501923,330800,-0.049120782571284494,0.013245039757965316,0.037151658030747825
2016-09-08,139.259995,139.270004,138.520004,138.630005,131.836227,331200,-0.054113122029828986,0.008126402860940019,0.036045365307437294
2016-09-09,137.600006,137.820007,134.740005,134.75,128.146362,517400,-0.0519680643299294,-0.004637717615356252,0.03016501697582008
2016-09-12,133.96000700000002,135.229996,133.580002,135.0,128.384094,662900,-0.060356774368717225,-0.02067174345948075,0.01497195292948561
2016-09-13,135.360001,137.940002,134.619995,135.020004,128.403122,602500,-0.041798736720438434,-0.004107022381964143,0.0244240008762846
2016-09-14,135.21000700000002,135.21000700000002,133.970001,134.580002,127.984695,306000,-0.05393575964915254,-0.007061561026484142,0.009210174355334999
2016-09-15,134.440002,135.600006,133.96000700000002,135.279999,128.650375,269700,-0.05427092941765377,-0.007371000607885314,0.025880255184658196
2016-09-16,135.190002,136.169998,134.21000700000002,135.850006,129.192444,453700,-0.0419620101504119,-0.0035606994672114922,0.042704694316217484
2016-09-19,136.419998,137.91000400000001,136.419998,137.78999299999998,131.037384,305500,-0.0379817008798895,0.013448676407541882,0.030013901603596516
2016-09-20,138.880005,138.929993,138.03999299999998,138.240005,131.465347,381800,-0.05198301149165907,0.019969863799222942,0.036284907975787206
2016-09-21,138.809998,141.190002,138.809998,141.100006,134.185181,480300,-0.04249319611758384,0.042306307121356745,0.046945557468161425
2016-09-22,141.520004,142.08999599999999,140.940002,141.889999,135.551285,341900,-0.04596122620822651,0.030866868494020316,0.05311328540970983
2016-09-23,141.699997,141.91000400000001,140.899994,140.899994,134.605499,575800,-0.04739882527876382,0.03229454651379271,0.05244337609569438
2016-09-26,140.08999599999999,140.889999,140.080002,140.190002,133.927231,308100,-0.03920864626164455,0.04073847491747706,0.06423007274724135
2016-09-27,140.08999599999999,141.300003,139.5,141.270004,134.95898400000002,215300,-0.04376561534630952,0.034005208579851676,0.06600585221147082
2016-09-28,141.649994,142.119995,140.600006,142.0,135.656357,357600,-0.047628259354508096,0.019678470294261174,0.0534302172382084
2016-09-29,141.899994,142.740005,141.190002,141.979996,135.637268,476400,-0.03691151605241494,0.025941326335761516,0.051495667531403555
2016-09-30,142.110001,143.429993,141.720001,142.970001,136.583038,369000,-0.04510709089793696,0.015334027188522725,0.04950814686224092
2016-10-03,142.929993,143.639999,141.850006,141.96000700000002,135.618179,432900,-0.05106424054296621,0.007860204022835937,0.04400743720564382
2016-10-04,141.899994,142.770004,140.220001,140.419998,134.14695700000001,269400,-0.05021512219179591,0.003169040671948231,0.0344806237674149
2016-10-05,140.690002,140.889999,138.509995,138.550003,132.360474,643600,-0.06315276180861318,-0.018098453529475478,0.010499911763895753
2016-10-06,137.830002,138.800003,137.009995,138.220001,132.04525800000002,710100,-0.04405718321833074,-0.02221504922250972,0.02147449964809578
2016-10-07,138.46000700000002,138.46000700000002,136.259995,137.429993,131.29054299999999,367000,-0.04832850389008403,-0.024559650947815648,0.016693898614927427
2016-10-10,138.330002,138.690002,137.309998,137.699997,131.548462,269500,-0.05177931339101782,-0.03641681989951007,0.00485665262011814
2016-10-11,137.529999,137.529999,135.03999299999998,135.479996,129.427628,227800,-0.049263741921381055,-0.03915788873983583,-0.002189297889437114
2016-10-12,135.110001,135.110001,131.309998,131.350006,125.482155,836400,-0.07463184354941976,-0.0674388186450976,-0.03281876851020549
2016-10-13,130.0,130.779999,128.369995,130.21000700000002,124.393074,851000,-0.045162373992569727,-0.06711214078268757,-0.03871011462343077
2016-10-14,131.0,131.0,129.279999,129.309998,123.533272,451800,-0.05555059475203272,-0.056555384479609394,-0.04128636369949312
2016-10-17,129.690002,130.070007,128.630005,129.100006,123.332664,442800,-0.04723317347327871,-0.05227222433248713,-0.04404276444235666
2016-10-18,130.119995,130.139999,128.520004,130.0,124.192451,356200,-0.04722779299658164,-0.04899344650231097,-0.04042595074832356
2016-10-19,130.130005,130.610001,128.729996,129.429993,123.647903,426000,-0.05272017833903764,-0.052944603307297555,-0.04345023307182316
2016-10-20,129.320007,130.21000700000002,129.03999299999998,129.21000700000002,123.437752,269800,-0.046006809175572094,-0.04954009990710073,-0.031057654337057095
2016-10-21,128.600006,129.889999,128.149994,129.75,123.95360600000001,259100,-0.03760779854524099,-0.013181357698145213,-0.04189310382638656
2016-10-24,130.240005,130.899994,129.860001,130.520004,124.68923999999998,367700,-0.04487074632833732,-0.006389763685488603,-0.03803831728243523
2016-10-25,130.100006,130.509995,128.850006,130.5,124.67012,358200,-0.039575969461745686,0.004399399477554411,-0.029515963614053398
2016-10-26,130.350006,132.639999,130.149994,132.059998,126.160416,743800,-0.03381942869422527,0.01660697920204246,-0.02387508577310271
2016-10-27,132.300003,133.679993,132.0,133.380005,127.421471,720900,-0.03241878779422791,0.028738605417086838,-0.025136021738778602
2016-10-28,133.600006,134.96000700000002,133.600006,134.53999299999998,128.52963300000002,812900,-0.035957520594715575,0.04709489316668236,-0.016325203704363744
2016-10-31,134.889999,134.889999,130.669998,130.779999,124.937599,726400,-0.07493930416434491,0.01919646406536657,-0.05416749739304727
2016-11-01,130.899994,133.990005,130.899994,133.83999599999999,127.86089299999999,785000,-0.015491457766258598,0.044880478667046475,-0.0278794936533604
2016-11-02,133.800003,133.970001,130.5,130.649994,124.81340800000001,493900,-0.06406443025393482,0.026125733201363133,-0.04420713059486481
2016-11-03,130.66000400000001,130.979996,129.220001,129.28999299999998,123.514175,380200,-0.051399526935365536,0.016443382349174307,-0.053811056182356154
2016-11-04,129.570007,130.399994,127.910004,128.66000400000001,122.91231499999999,715400,-0.053416894769528156,-0.00039876829814478043,-0.05827906265109917
2016-11-07,130.029999,131.970001,129.399994,131.119995,125.262428,715500,-0.051971274863410244,-0.016376439627230788,-0.061190931660270564
2016-11-08,124.389999,127.550003,119.709999,126.059998,120.428467,2196700,-0.03688168566096195,-0.07126870057569779,-0.11353523061582305
2016-11-09,123.709999,125.050003,122.0,124.029999,118.489151,1540100,-0.05788091924393868,-0.0702965624349492,-0.1397980870165192
2016-11-10,124.410004,124.589996,118.010002,118.470001,113.17752800000001,2154400,-0.0946203466612694,-0.14804769497229664,-0.18378739264849298
2016-11-11,118.410004,119.639999,118.010002,118.400002,113.110657,680700,-0.046590825161121785,-0.12966366322503386,-0.1770398344918469
2016-11-14,118.480003,119.050003,116.730003,117.519997,112.269974,837700,-0.053172617537392775,-0.13097755954211365,-0.16669016219499433
2016-11-15,117.559998,119.050003,117.360001,118.059998,112.785851,596000,-0.047022782092149384,-0.13062887913075283,-0.16669289255934228
2016-11-16,118.059998,121.050003,117.82,120.83000200000001,115.432098,644000,-0.022239465564527272,-0.10281334389318264,-0.13944462460563756
2016-11-17,121.190002,121.519997,119.260002,119.449997,114.113754,693600,-0.0640623409927068,-0.07584558419482335,-0.15296399491113633
2016-11-18,119.139999,120.220001,117.309998,119.779999,114.429001,608900,-0.038078526624992115,-0.04344651571852154,-0.1440867139952049
2016-11-21,119.559998,120.970001,119.559998,120.050003,114.686958,413900,-0.04697167703679295,-0.0008158389499781649,-0.11716441295337354
2016-11-22,119.949997,120.849998,119.66999799999999,120.339996,114.96399699999999,747200,-0.04308253278647811,-0.001374135357531614,-0.11130182906669095
2016-11-23,119.989998,121.220001,119.889999,120.33000200000001,114.95444499999999,623900,-0.045674898968523614,0.005079718521181498,-0.10505505919420344
2016-11-25,120.32,121.900002,120.269997,120.379997,115.002205,365100,-0.04840749141892875,0.004456866913338686,-0.10996380131351646
2016-11-28,120.610001,121.129997,119.769997,120.349998,114.973549,452900,-0.044011458594379604,-0.015299033774903492,-0.10575021187823008
2016-11-29,120.410004,121.900002,120.0,121.25,115.83335100000001,345200,-0.040520592554067925,0.006969137154556826,-0.09305025444928194
2016-11-30,121.150002,121.589996,120.510002,121.050003,115.64228100000001,564200,-0.043730263358725985,0.0028267700683546337,-0.09171984401974953
2016-12-01,121.07,121.440002,118.08000200000001,118.510002,113.215744,772100,-0.06293366724841842,-0.009675969211894397,-0.11365902446712273
2016-12-02,118.989998,120.16999799999999,118.360001,120.07,114.706047,607300,-0.03704535050335345,0.0027550019306117335,-0.10215706345059061
2016-12-05,120.629997,121.25,119.129997,121.010002,115.604073,631100,-0.04440003207253884,0.005639810002970869,-0.10381464866878698
2016-12-06,121.040001,122.120003,120.339996,121.790001,116.34921999999999,535100,-0.041774007596662166,0.012151085397626993,-0.11441969511793193
2016-12-07,121.529999,125.07,121.529999,124.660004,119.09101100000001,547600,-0.03403330394854187,0.017346359199813755,-0.11714245809550317
2016-12-08,124.660004,126.18,124.019997,125.760002,120.141869,657900,-0.039172047875980276,0.017858598072512777,-0.12228654954345153
2016-12-09,125.760002,126.260002,124.120003,125.300003,119.70243799999999,485500,-0.0537130044055818,0.007266829852527579,-0.10364947823258852
2016-12-12,125.779999,126.08000200000001,122.910004,123.199997,117.696228,446500,-0.06559911810081243,0.009187579599432283,-0.14935192353473692
2016-12-13,123.209999,123.730003,121.239998,121.75,116.311012,738000,-0.061326916470416215,-0.021850706496417516,-0.15013350314837126
2016-12-14,122.220001,122.690002,118.309998,118.43,113.139328,800400,-0.0705368644829143,-0.04334212088027822,-0.1636001518982395
2016-12-15,118.360001,120.209999,118.0,120.16999799999999,114.80158200000001,636500,-0.03418384625952253,-0.035652527048438465,-0.14967345386822561
2016-12-16,119.290001,120.0,116.639999,118.010002,112.738075,1366700,-0.0526272172645843,-0.062252880921787046,-0.16301889939005942
2016-12-19,118.349998,118.650002,117.309998,117.870003,112.60434,620400,-0.051221260455119655,-0.07204127535484961,-0.12305912432260335
2016-12-20,117.860001,118.360001,117.0,117.790001,112.52791599999999,373900,-0.048173945036769084,-0.06676538859395187,-0.1001183043915912
2016-12-21,118.120003,119.269997,117.230003,118.239998,112.957802,535000,-0.042323257047558904,-0.044728089032383345,-0.046032317594823624
2016-12-22,117.900002,119.349998,117.75,119.349998,114.018234,466600,-0.03260752240432918,-0.01516160176692427,-0.03563144169026167
2016-12-23,118.699997,119.139999,117.980003,118.239998,113.56680300000001,606000,-0.045773030321588415,-0.0008822856308166038,-0.03350487798694246
2016-12-27,118.639999,119.41999799999999,118.379997,119.019997,114.31597099999999,561300,-0.03829601660384885,-0.0072625875266307816,-0.026307162264103567
2016-12-28,119.040001,119.559998,118.599998,118.800003,114.104675,407900,-0.03335683684971347,0.01566489192312215,-0.044540663573754635
2016-12-29,118.82,119.209999,118.650002,118.900002,114.20071399999999,413300,-0.039545501914532544,0.019959682224344633,-0.027253857903435375
2016-12-30,118.860001,119.300003,117.529999,117.83000200000001,113.17301200000001,504500,-0.043336490315868836,0.019877533171412942,-0.036794255501656714
2017-01-03,118.449997,119.66999799999999,116.730003,117.16999799999999,112.53908500000001,531300,-0.053966750460825,-0.00046374542862892554,-0.045680224073474385
2017-01-04,117.0,118.18,115.510002,117.389999,112.75039699999999,705900,-0.041035038027654736,-0.015502572329006092,-0.049759878661736145
2017-01-05,116.940002,117.440002,115.120003,116.099998,111.511375,1010200,-0.04789588419845359,-0.020563421548682292,-0.05914801805680625
2017-01-06,115.66999799999999,116.529999,113.160004,116.019997,111.43453999999998,1013900,-0.039872092530742975,-0.029092685201932866,-0.05985671437937512
2017-01-09,115.25,116.199997,113.5,115.559998,110.992722,712000,-0.035574020891572466,-0.036052061258856405,-0.06529369105770755
2017-01-10,116.029999,116.58000200000001,115.389999,115.480003,110.91588600000001,491500,-0.04471526574013396,-0.037879230803905095,-0.0721022258618973
2017-01-11,115.279999,116.529999,114.769997,116.300003,111.703484,608100,-0.03447383413528193,-0.0292371200900865,-0.06885814566009785
2017-01-12,116.08000200000001,116.730003,114.949997,115.260002,110.704582,548900,-0.04710615416131425,-0.022004763273217876,-0.05800901813479786
2017-01-13,115.58000200000001,117.18,115.58000200000001,116.660004,112.04924799999999,427700,-0.03186006268738861,-0.007949588188604473,-0.06046446878095235
2017-01-17,116.720001,117.779999,116.389999,116.809998,112.193321,464500,-0.03900342779177901,0.006586229224263995,-0.058201598835513124
2017-01-18,117.209999,117.91999799999999,116.720001,117.83000200000001,113.17301200000001,501000,-0.03626064091920167,0.01771835183044157,-0.05428944794656054
2017-01-19,117.66999799999999,118.029999,116.639999,117.510002,112.865646,465800,-0.03806569804484372,0.019032396524360173,-0.06360765373316113
2017-01-20,117.699997,119.440002,117.589996,118.129997,113.461151,456200,-0.037273082901315924,0.0216266719545537,-0.06833415197985637
2017-01-23,117.809998,117.910004,116.83000200000001,117.370003,112.73118600000001,315600,-0.042928682008403385,0.013615901548237552,-0.06250907396438787
2017-01-24,117.620003,119.660004,116.790001,119.540001,114.815422,373700,-0.029494052945968185,0.03222802808685099,-0.034968569647379155
2017-01-25,120.059998,120.290001,119.589996,119.82,115.08435800000001,416600,-0.046463856995900166,0.016348442477434055,-0.02226531980710078
2017-01-26,120.040001,120.360001,119.480003,119.699997,114.969086,261500,-0.042313083926464046,0.011825075525709217,-0.0030344024295256844
2017-01-27,119.41999799999999,119.91999799999999,118.519997,119.849998,115.11315900000001,284800,-0.03484581705326395,0.007012213086462715,-0.011624707811659363
2017-01-30,119.41999799999999,119.690002,118.489998,119.0,114.296761,415900,-0.04161055644396239,0.005026234972330457,0.0036714621609563736
2017-01-31,118.660004,118.879997,115.970001,117.209999,112.577499,798400,-0.05475098832053504,-0.011141605804324328,-0.007434482429331091
2017-02-01,117.400002,117.629997,115.779999,116.540001,111.933998,929800,-0.0450313717665729,-0.013411748633426868,-0.009155434003862872
2017-02-02,116.57,118.129997,114.809998,116.839996,112.22213700000002,1771100,-0.03983729346478704,-0.02318758915113417,-0.01342806976612998
2017-02-03,117.16999799999999,118.449997,116.110001,117.980003,113.317085,699300,-0.037308547129166314,-0.015061949545930986,-0.022165667586107496
2017-02-06,117.550003,118.040001,116.529999,117.470001,112.82723200000001,364800,-0.040256113542291416,-0.01701009706165113,-0.01916221386036021
2017-02-07,117.760002,117.879997,116.32,116.75,112.135681,670600,-0.047723114835665825,-0.02550425391862099,-0.02986637420364957
2017-02-08,116.739998,118.540001,116.300003,117.91999799999999,113.259445,639500,-0.032501757424014954,-0.01513602162462302,-0.027129451386788794
2017-02-09,117.91999799999999,119.309998,117.510002,117.739998,113.08656299999998,1313500,-0.046704625009475365,-0.008133609294671551,-0.035527773948347274
2017-02-10,118.260002,119.089996,117.57,117.910004,113.24983999999999,1347100,-0.04494430008192296,-0.004219744880434639,-0.033252712055710454
2017-02-13,118.43,120.029999,117.559998,120.029999,115.286049,732700,-0.02971428078494931,0.00636746051871917,-0.006596863818781884
2017-02-14,119.540001,119.959999,117.089996,117.900002,113.240242,1004800,-0.059054000250138294,-0.018007873049971757,-0.02467096830707316
2017-02-15,117.360001,119.269997,117.07,119.160004,114.45043899999999,669100,-0.03094010083233112,-0.01014285167822404,-0.00874164398990196
2017-02-16,120.83000200000001,126.339996,120.0,124.029999,119.12796000000002,1933900,-0.013155963490003586,0.037152923186347664,0.03637923418463096
2017-02-17,123.68,123.860001,122.099998,122.370003,117.53357700000001,881600,-0.05444588451807242,0.012723116392069578,0.02164572626413719
2017-02-21,122.139999,123.190002,121.089996,121.620003,116.81321000000001,668400,-0.049027919590906244,0.007809029442262805,0.010160486297820626
2017-02-22,121.589996,122.83000200000001,121.029999,122.629997,117.783295,563300,-0.032532200362895836,0.01927903070988446,0.015263438744260505
2017-02-23,125.040001,128.330002,123.940002,125.139999,120.194107,1083600,-0.03796590277871026,0.02653373511734003,0.04194163457177602
2017-02-24,125.059998,125.300003,124.0,125.0,120.05963100000001,516800,-0.04572141120707496,0.04582618749259293,0.029104807374124242
2017-02-27,125.110001,125.150002,124.129997,124.809998,119.87712900000001,462900,-0.04463526911550186,0.03763707501540825,0.022309201801242295
2017-02-28,124.82,126.199997,124.739998,125.699997,120.73195600000001,506200,-0.03226799897392141,0.006403517531387237,0.025064399885576627
2017-03-01,126.120003,128.380005,126.019997,127.099998,122.07663000000001,624500,-0.03921380662008911,0.019049724456179362,0.021663054195956377
2017-03-02,126.940002,127.470001,125.5,126.129997,121.144966,556700,-0.04135466614891303,0.029443514996133402,0.017977329339400328
2017-03-03,126.07,126.66999799999999,124.540001,125.129997,120.184486,345300,-0.04873303047722377,0.011626739629696736,0.013274276825719689
2017-03-06,124.410004,125.129997,124.209999,124.389999,119.47373200000001,567500,-0.04051977740992996,-0.010864694068366099,-0.0011510875834410683
2017-03-07,124.18,125.099998,123.349998,123.889999,118.9935,439000,-0.04167147191396747,-0.009363029683707502,0.0033933352129826844
2017-03-08,123.790001,125.459999,123.790001,124.279999,119.36808,607600,-0.03348847892204354,-0.0013945262153383098,0.009089600060194769
2017-03-09,124.260002,124.260002,123.150002,123.660004,118.77259099999999,504000,-0.04574926153130576,-0.016882527038300843,0.0011696597608130688
2017-03-10,124.550003,125.389999,124.33000200000001,125.33000200000001,120.376572,474500,-0.03411608829910673,-0.004226505286929694,0.012410313936696227
2017-03-13,125.41999799999999,126.760002,124.620003,126.599998,121.596397,617800,-0.03176576582235846,0.007273289805729277,0.03639222494945393
2017-03-14,126.110001,126.769997,125.529999,126.220001,121.231407,491400,-0.03814365988457258,0.01611557284459675,0.042801598303743305
2017-03-15,126.5,128.429993,126.019997,128.100006,123.037117,571600,-0.03403092945654951,0.025209385626799197,0.0472458871944923
2017-03-16,128.279999,129.08999599999999,127.779999,128.940002,123.843903,571200,-0.03253881237304945,0.03448330782773823,0.0529385925866519
2017-03-17,129.610001,132.240005,129.320007,132.100006,126.87903600000001,1223000,-0.01900263098014765,0.05458093437672584,0.08068063149857174
2017-03-20,132.050003,135.490005,131.690002,135.399994,130.048584,1545500,-0.013264850777124693,0.08706753336462025,0.11374144704405431
2017-03-21,135.449997,137.03999299999998,134.479996,135.100006,129.760468,961500,-0.027965000844427657,0.08718429671183436,0.11473063227315361
2017-03-22,135.020004,136.979996,134.5,136.889999,131.479691,770000,-0.028893902295598295,0.08874255140795739,0.13326838565208288
2017-03-23,135.399994,136.830002,134.940002,135.070007,130.341003,808300,-0.03807493313095822,0.08072651721120483,0.12774786039538277
2017-03-24,135.16000400000001,135.28999299999998,132.78999299999998,133.190002,128.52684,667300,-0.047577865637693506,0.061109486585021244,0.10198791326079437
2017-03-27,132.729996,133.46000700000002,131.770004,132.559998,127.918892,1124800,-0.04226450976237306,0.04922436007088571,0.12017082570750937
2017-03-28,131.979996,132.350006,130.610001,131.550003,126.944244,843400,-0.046896732803412,0.008823197400301908,0.09964668057709769
2017-03-29,131.419998,132.21000700000002,130.979996,131.96000700000002,127.339905,972900,-0.033484168033032446,-0.01583543646160024,0.06075308739610641
2017-03-30,131.809998,133.419998,131.639999,132.369995,127.73553500000001,405100,-0.03425398752755271,-0.02593187012851761,0.07607564575256642
2017-03-31,132.449997,133.429993,132.020004,132.529999,127.88991499999999,498100,-0.03414688586037684,-0.033740514075708106,0.09171884213411197
2017-04-03,132.740005,132.779999,131.25,131.58999599999999,126.98283400000001,389400,-0.04285777302303817,-0.031577531083401666,0.07689129860209665
2017-04-04,131.970001,132.449997,130.990005,131.449997,126.84773999999999,320900,-0.04187772240830778,-0.02002932989321149,0.05542484825024285
2017-04-05,131.380005,132.889999,131.380005,131.770004,127.15655500000001,608700,-0.026894583252253135,-0.010816978844080616,0.06352765937083582
2017-04-06,131.880005,133.360001,131.419998,133.03999299999998,128.38208,589300,-0.0284523163848176,0.011720893736450577,0.07373049929814002
2017-04-07,132.309998,133.199997,132.080002,132.25,127.619743,347300,-0.03564687516546261,0.004565407439459435,0.058914977304178606
2017-04-10,132.080002,133.08999599999999,131.770004,132.850006,128.198746,374500,-0.02982605190674459,0.008233381371876014,0.06525930266826308
2017-04-11,132.889999,133.809998,132.360001,133.399994,128.729462,318200,-0.031749270875380375,0.010334080183520555,0.07260940732149912
2017-04-12,133.179993,133.179993,132.080002,132.559998,127.918892,498700,-0.0372308971560793,0.013258983230390875,0.07852354220279079
2017-04-13,132.490005,133.360001,131.91000400000001,131.940002,127.32058,230600,-0.034219835065588455,0.01703256315941193,0.08332210547802088
2017-04-17,132.309998,133.149994,131.860001,133.020004,128.362778,339500,-0.03728899821066367,0.01111728661103939,0.08400797566558271
2017-04-18,132.449997,134.779999,132.100006,134.070007,129.376053,331300,-0.023336699629018298,0.01422361102062375,0.08934863653410208
2017-04-19,134.080002,135.199997,133.759995,134.529999,129.819931,366200,-0.028608392759316814,0.024494737789356513,0.10029224213183596
2017-04-20,134.830002,136.100006,134.399994,135.800003,131.045471,268100,-0.034067943176414595,0.022522685092804196,0.09200849304799696
2017-04-21,135.990005,136.570007,135.740005,136.119995,131.354233,283100,-0.03211103496747647,0.02234959216558252,0.08768570968135236
2017-04-24,137.059998,138.429993,136.820007,138.029999,133.197372,398100,-0.030196961928709243,0.028051705652751835,0.09045967501094587
2017-04-25,138.889999,139.869995,137.720001,139.08999599999999,134.22026100000002,377400,-0.03717696354030764,0.02747988104116672,0.0855926008923884
2017-04-26,139.03999299999998,139.800003,138.58999599999999,138.800003,133.94041399999998,378000,-0.036725923746360856,0.026302707984181772,0.07582737582202626
2017-04-27,139.139999,140.199997,138.809998,139.729996,134.837845,382300,-0.03101848791689843,0.021657371663579283,0.05642507382095552
2017-04-28,139.580002,139.580002,138.360001,138.58999599999999,133.737778,301200,-0.03878864121474024,0.010237579078194337,0.023462287845410046
2017-05-01,139.190002,139.300003,138.100006,138.979996,134.11409,195400,-0.037077920745987036,0.009449465293006831,0.014273661629169432
2017-05-02,138.869995,138.929993,136.41000400000001,138.220001,133.380707,305200,-0.040380842655338256,-0.00261529714308395,-0.003672138869688979
2017-05-03,138.479996,139.0,137.509995,138.830002,133.969376,269800,-0.033797371917531294,-9.193816813013456e-05,0.009641219631610909
2017-05-04,138.899994,139.75,137.679993,138.470001,133.621964,550100,-0.03862656280519605,-0.004848406239725378,0.019634708067641782
2017-05-05,138.949997,139.869995,138.809998,139.270004,134.393982,567800,-0.03622680549920787,-0.0015664253995186783,0.025036590351621868
2017-05-08,139.270004,139.470001,136.880005,137.380005,132.570114,882100,-0.04906946547945967,-0.02139296499477883,0.02620891142587478
2017-05-09,133.75,133.75,128.5,128.979996,124.46421799999999,1749000,-0.0700117775446083,-0.07718366273972688,-0.03788593843271659
2017-05-10,128.419998,130.449997,128.419998,130.330002,125.76694499999999,609300,-0.022059727069898116,-0.06898040466636868,-0.028774872908681637
2017-05-11,130.279999,131.0,129.550003,130.850006,126.268768,348900,-0.031106157090945885,-0.056161388438133564,-0.026093013232114437
2017-05-12,130.699997,130.919998,129.970001,130.71000700000002,126.13366699999999,360000,-0.0349184859303131,-0.061428281854619016,-0.02020953113960644
2017-05-15,130.970001,132.929993,130.529999,132.490005,127.85135700000001,449400,-0.02757770217247746,-0.0494887811884972,-0.009824743227643928
2017-05-16,132.470001,133.520004,132.009995,133.16000400000001,128.497894,367700,-0.028828733477656243,-0.04543809126672205,-0.009584522071019563
2017-05-17,133.16000400000001,134.899994,132.08999599999999,133.149994,128.48821999999998,649900,-0.02477738460711354,-0.013466483088737213,0.0010215346006869908
2017-05-18,132.28999299999998,135.08999599999999,131.350006,134.259995,129.559341,407400,-0.02553076588802483,0.05322288307237777,0.010771537200201742
2017-05-19,134.520004,135.399994,134.169998,134.809998,130.090118,336500,-0.03784470036977172,0.041284278344178915,0.004276024063621264
2017-05-22,135.610001,136.080002,135.009995,135.850006,131.093719,290500,-0.036719312828783934,0.037675153845761145,0.0012480604301261522
2017-05-23,135.91000400000001,137.03999299999998,135.639999,136.520004,131.74025,301700,-0.03173624610396697,0.04034965543842617,0.006881141068428853
2017-05-24,136.119995,138.509995,136.119995,137.899994,133.07193,439900,-0.02388716423756776,0.03916027018818635,0.012302963801130495
2017-05-25,137.899994,138.899994,137.570007,138.41000400000001,133.564072,1105500,-0.03423986475622698,0.03268831990652554,0.01198651122446659
2017-05-26,138.46000700000002,138.850006,138.029999,138.440002,133.59303300000002,243900,-0.03632999006894089,0.014324446645048283,0.0011223702251115242
2017-05-30,137.940002,138.139999,136.58999599999999,136.990005,132.193817,458500,-0.043063696489587855,0.00037910002659646835,-0.013344100562558303
2017-05-31,137.190002,138.070007,136.449997,137.889999,133.062286,429000,-0.02896280932027917,0.01004363768938088,-0.008203023339802051
2017-06-01,137.720001,139.770004,137.58999599999999,138.179993,133.342117,411500,-0.03825212318648763,0.002063651129506461,-0.01903788060594991
2017-06-02,138.220001,139.33999599999999,138.020004,139.240005,134.365005,279700,-0.031485578598381636,0.0029211415463494816,-0.0182494230379735
2017-06-05,139.419998,140.440002,138.949997,139.449997,134.567642,326900,-0.03471406739137706,-0.0019250734801570246,-0.01710199072019325
2017-06-06,138.869995,139.690002,138.21000700000002,138.800003,133.94041399999998,347000,-0.035077672818085937,-0.0030735042968714765,-0.01738970105658666
2017-06-07,138.220001,139.679993,137.740005,137.869995,133.042969,362600,-0.03863072348643115,-0.011269718472283863,-0.03180471991075162
2017-06-08,137.869995,137.869995,135.119995,135.690002,130.939301,519700,-0.05138011523517427,-0.01815156923061778,-0.04173324887137042
2017-06-09,136.119995,137.229996,135.860001,137.199997,132.396423,482900,-0.025838190228501645,-0.01326272634755643,-0.030915214980365313
2017-06-12,137.369995,137.669998,136.25,136.440002,131.66304,297100,-0.043877903448043654,-0.012396382524179295,-0.028818965987045253
2017-06-13,136.119995,136.970001,134.470001,136.5,131.720947,441200,-0.035395098367019706,-0.02039903255586939,-0.038556517425712755
2017-06-14,136.649994,137.28999299999998,135.009995,136.509995,131.730591,485100,-0.03427544877793576,-0.022054872047676533,-0.034308456528144404
2017-06-15,135.880005,136.41000400000001,134.050003,135.08999599999999,130.360306,709600,-0.044896275523661267,-0.02838037174527841,-0.04420364740234639
2017-06-16,135.119995,135.58999599999999,134.009995,134.580002,129.86816399999998,1135200,-0.04042868544006417,-0.024156452030468678,-0.03456820694644147
2017-06-19,135.100006,136.649994,134.53999299999998,136.139999,131.37355,389100,-0.03242715901239812,-0.004738600790386016,0.03071181307797044
2017-06-20,136.21000700000002,137.330002,136.029999,136.190002,131.421799,373700,-0.030208630098052858,-0.009549337406172143,0.028515852279831222
2017-06-21,136.820007,137.369995,135.71000700000002,136.080002,131.315643,454300,-0.03954437673182998,-0.00519914741312455,0.02214327503796376
2017-06-22,135.830002,135.830002,134.330002,135.130005,131.01509099999998,310000,-0.03490114295922009,-0.002973016776876669,0.01989874765202959
2017-06-23,135.229996,136.71000700000002,134.820007,136.149994,132.004013,402200,-0.02564280574828537,0.0019175534360806878,0.017097878096433483
2017-06-26,136.46000700000002,138.0,135.75,137.070007,132.896027,398800,-0.02472356103744655,0.016551097235873335,0.01778554110024899
2017-06-27,137.070007,137.110001,135.28999299999998,135.369995,131.247772,296300,-0.03641918056151905,0.016242526549128833,-0.004859197308575425
2017-06-28,136.25,136.940002,135.669998,135.91000400000001,131.771332,376600,-0.03834799395441113,0.008241790238351143,-0.014269279756056186
2017-06-29,136.03999299999998,136.03999299999998,132.389999,133.479996,129.415329,422900,-0.04059269095734397,-0.008248601735582284,-0.021017027799929977
2017-06-30,133.860001,135.940002,133.860001,135.0,130.889038,420000,-0.020058197107513998,0.0017676920175908606,-0.013764186790206523
2017-07-03,135.600006,136.059998,134.830002,134.899994,130.792053,149100,-0.035121444239940125,0.0005537908486017429,-0.019897116937794834
2017-07-05,134.990005,135.41000400000001,133.850006,134.21000700000002,130.123108,401700,-0.03744354122812599,-0.011986236372087511,-0.03404862846384038
2017-07-06,133.279999,133.470001,132.029999,132.16000400000001,128.135529,275900,-0.03369866045096259,-0.024384707230972857,-0.03928748603724941
2017-07-07,132.21000700000002,132.610001,131.479996,131.880005,127.864052,420300,-0.0382434640281879,-0.028513780103342157,-0.047697424056965865
2017-07-10,131.830002,132.509995,131.130005,131.690002,127.67983999999998,325700,-0.03319095863509247,-0.026094500923540487,-0.04074288070619314
2017-07-11,131.820007,132.369995,130.940002,131.979996,127.960999,288700,-0.028961788035467784,-0.013707838880693046,-0.0447685043700039
2017-07-12,132.71000700000002,133.720001,132.419998,133.559998,129.492889,354100,-0.027614783674235532,-0.018877474967243124,-0.03470531288695611
2017-07-13,133.550003,133.580002,132.029999,132.729996,128.688156,516500,-0.03824480043453704,-0.02393477651157827,-0.04675303499572259
2017-07-14,132.949997,134.360001,132.46000700000002,133.729996,129.6577,392100,-0.029194687612608128,-0.014511657183398086,-0.04663521216708144
2017-07-17,133.759995,134.399994,133.130005,133.880005,129.80316200000001,385600,-0.02988152198991223,-0.007358003682478298,-0.04357198542285623
2017-07-18,133.770004,135.690002,133.770004,135.059998,130.94722,303500,-0.023251824612744443,0.009323125732600523,-0.02710457985208148
2017-07-19,135.380005,136.270004,134.630005,135.229996,131.11203,370000,-0.03607590897726265,0.00759173600152252,-0.01499957547405284
2017-07-20,135.130005,135.130005,132.66000400000001,133.369995,129.30865500000002,396300,-0.04318235467207732,-0.009087149518535398,-0.04059292754098287
2017-07-21,133.179993,133.179993,131.389999,133.009995,128.959641,406100,-0.034283102353869666,-0.016043331367341374,-0.03835226173011819
2017-07-24,132.880005,132.880005,131.270004,132.509995,128.47486899999998,372200,-0.0328511303383241,-0.010638496612100923,-0.03699249905195412
2017-07-25,133.169998,134.860001,132.850006,132.979996,128.930542,527600,-0.03204994332386146,-0.012860094312069137,-0.037440434431474046
2017-07-26,133.03999299999998,133.940002,132.759995,133.380005,129.318375,505700,-0.027509152203311515,-0.011313334283074461,-0.02650494796065228
2017-07-27,133.369995,134.25,133.08999599999999,133.580002,129.512299,449900,-0.026390532012579904,-0.017019208561954713,-0.019967336383567513
2017-07-28,133.639999,133.809998,132.58999599999999,133.149994,129.095383,340600,-0.03580424802078053,-0.014801057321722766,-0.02506203200538959
2017-07-31,133.360001,133.990005,132.860001,133.179993,129.12446599999998,438700,-0.02999497656130412,-0.00015113217932949397,-0.031194722314140222
2017-08-01,133.679993,135.130005,133.46000700000002,134.570007,130.47216799999998,445800,-0.023986080699377688,0.01012067372130332,-0.023032440595690318
2017-08-02,134.360001,135.610001,133.559998,133.83999599999999,129.764374,636800,-0.033669015485516596,0.006890393502088976,-0.027129088772988474
2017-08-03,134.020004,134.850006,133.25,134.330002,130.239441,672000,-0.027050206268148358,0.01210914283994935,-0.027248845027605384
2017-08-04,134.610001,135.009995,134.270004,134.800003,130.695145,354700,-0.029494134119302906,0.010993747139403709,-0.03206229805712191
2017-08-07,134.759995,135.479996,134.529999,134.809998,130.704834,439700,-0.03207454321287173,0.006950410004303187,-0.02925945292839316
2017-08-08,134.679993,136.009995,134.369995,134.639999,130.53999299999998,667500,-0.02983688777051796,0.009988096089340814,-0.02331572615439992
2017-08-09,136.220001,140.0,134.610001,139.679993,135.42652900000002,1016600,-0.009352502391985595,0.04614773445274167,0.023201613874183735
2017-08-10,139.190002,139.529999,136.529999,136.850006,132.68270900000002,728700,-0.03679753035187261,0.03232229333280667,0.007522160719525495
2017-08-11,137.190002,137.190002,134.470001,135.380005,131.257477,372000,-0.04432068395467148,0.026179933355621188,-0.0015029462659690296
2017-08-14,136.21000700000002,137.399994,135.889999,137.059998,132.88630700000002,280700,-0.02912603977030148,0.02267898878638075,0.007416380130862876
2017-08-15,137.220001,138.0,136.630005,137.070007,132.896027,362400,-0.030376579657678704,0.02164552166376854,0.013967930837619491
2017-08-16,137.389999,138.699997,136.919998,138.53999299999998,134.321259,265500,-0.022378629202261635,0.0324654544352061,0.031719781610155096
2017-08-17,137.940002,138.320007,135.229996,135.279999,131.160522,252000,-0.03693246875640632,0.023054956320997633,0.0258337310901382
2017-08-18,135.059998,135.83999599999999,134.110001,134.830002,130.724213,352100,-0.031768024605352885,-0.015553368980439686,0.021356083774437096
2017-08-21,134.850006,135.300003,134.149994,134.880005,130.772705,271300,-0.03188496406465813,-0.010456042573138369,0.01594359311363025
2017-08-22,134.940002,136.03999299999998,134.830002,135.860001,131.722855,179700,-0.031808834276978004,-0.0010338249421826262,0.021398005303426615
2017-08-23,134.78999299999998,135.66000400000001,134.619995,135.119995,131.00538600000002,284600,-0.028135952589790847,-0.0053753590165870335,0.01655267829767393
2017-08-24,135.610001,135.869995,135.110001,135.229996,131.11203,181400,-0.030072221725978565,-0.003057105804297855,0.018268828715799934
2017-08-25,135.419998,136.610001,135.419998,135.919998,131.781021,168800,-0.02655612575470645,-0.008887332504141199,0.013509323373413373
2017-08-28,136.25,136.509995,135.470001,136.139999,131.994324,170700,-0.03046089739086799,0.000498134437447284,0.018740129526062965
2017-08-29,135.240005,136.41000400000001,134.929993,135.949997,131.810104,224400,-0.03157616458360568,-0.00024595504501245813,0.030197278247960035
2017-08-30,135.669998,137.369995,135.669998,136.220001,132.071884,256600,-0.03158174146994508,-0.0020753219554041635,0.02991160252556746
2017-08-31,136.66000400000001,137.059998,136.169998,136.850006,132.68270900000002,282200,-0.03318342524705464,-0.0005134107841282542,0.03152309113139928
2017-09-01,137.100006,138.389999,137.100006,137.940002,133.739517,205400,-0.025677114008447965,0.007441509607361674,0.03685428221710474
2017-09-05,137.75,139.479996,137.529999,139.259995,135.019318,342100,-0.014949726789129869,0.021654499138574757,0.05123666213744915
2017-09-06,139.699997,139.729996,137.970001,139.059998,134.825424,237400,-0.03621024356813152,0.01367558532290758,0.044204117258275666
2017-09-07,139.320007,140.740005,139.320007,140.559998,136.279709,296700,-0.020864011802916416,0.023452353510385215,0.05699354035817095
2017-09-08,140.529999,142.380005,140.300003,141.830002,137.511047,267900,-0.021383614472674672,0.03617621971548246,0.06652463014277199
2017-09-11,142.779999,144.029999,142.100006,143.139999,138.781158,318000,-0.03388367071450027,0.03720974109919428,0.05700066990345842
2017-09-12,143.369995,144.119995,142.509995,143.21000700000002,138.849045,416900,-0.03386156236702664,0.035430876848578485,0.06006357447788879
2017-09-13,143.08999599999999,143.690002,142.720001,143.139999,138.781158,284800,-0.03237035391982168,0.02823220079570632,0.05297734017286171
2017-09-14,142.880005,143.899994,142.669998,143.66000400000001,139.285339,232100,-0.025905382154432388,0.015856544803374284,0.05609945980141973
2017-09-15,143.559998,144.130005,143.220001,143.779999,139.40168799999998,393700,-0.03121896572538141,0.01940696787114593,0.05666067512511841
2017-09-18,144.029999,144.440002,143.259995,144.139999,139.750702,192600,-0.030704818475196127,0.009545510490790221,0.05655095475962035
2017-09-19,144.399994,144.720001,143.759995,144.619995,140.21611000000001,158900,-0.029545883266380635,0.0012759125787313863,0.021652808268761703
2017-09-20,144.639999,145.520004,144.119995,145.009995,140.594208,267500,-0.028928383123481893,0.0049216152079631925,0.029599991778614942
2017-09-21,144.83999599999999,145.139999,143.399994,143.770004,139.391968,371700,-0.035719917907565346,0.0022535319287655398,0.036137173051033145
2017-09-22,143.130005,144.449997,142.759995,144.21000700000002,140.492859,380700,-0.02058087268440456,0.010718612095514501,0.04101696348199546
2017-09-25,143.949997,144.990005,143.399994,144.889999,141.155319,257400,-0.01851230300502138,0.012919648551140916,0.0473735866887921
2017-09-26,145.490005,145.889999,143.800003,143.830002,140.12266499999998,221400,-0.035908479166812945,0.006515362314753581,0.030710583004665892
2017-09-27,144.029999,144.029999,139.679993,141.020004,137.385056,667900,-0.04872690204728247,-0.01833773238706282,0.015158266051559899
2017-09-28,140.850006,143.25,140.850006,142.600006,138.924362,255300,-0.016418823598152166,-0.010614768031522281,0.026591409217679107
2017-09-29,142.580002,143.380005,142.479996,142.91000400000001,139.226349,266900,-0.027540383197571572,-0.014200400368090449,0.025855633983662862
2017-10-02,143.270004,144.630005,142.979996,144.470001,140.74617,395300,-0.02090943772917253,-0.0016725431588540118,0.03549845483436176
2017-10-03,144.759995,145.919998,144.229996,145.91000400000001,142.149033,351900,-0.01987538653258092,-0.0011302738305971616,0.04526204866798533
2017-10-04,145.850006,146.919998,145.380005,146.649994,142.869934,267200,-0.022324146978099257,-0.0042462872388444595,0.0461844052542455
2017-10-05,147.179993,147.5,146.46000700000002,147.25,143.454498,407800,-0.030040554834054767,0.0016208266269810423,0.04121874213578813
2017-10-06,146.58999599999999,146.850006,144.96000700000002,145.630005,141.876251,296900,-0.033426041167620824,0.0154397744664454,0.030099906080558014
2017-10-09,145.610001,147.059998,145.490005,146.380005,142.606934,436800,-0.018225968648700963,0.012444640178521205,0.03928200444121277
2017-10-10,146.389999,148.330002,146.279999,148.259995,144.43846100000002,415500,-0.013675577392480598,0.02441319999184799,0.052344155930915015
2017-10-11,148.21000700000002,148.490005,147.029999,147.729996,143.92211899999998,293700,-0.031167557258841683,0.012039571323105847,0.04805143694159586
2017-10-12,147.419998,148.28999299999998,147.25,147.58999599999999,143.785736,290800,-0.024197279259488447,0.005018213353122469,0.04283875241374613
2017-10-13,148.399994,148.71000700000002,147.369995,148.179993,144.36051899999998,170700,-0.02662273628517564,0.00431733444431881,0.02884724055998955
2017-10-16,148.41000400000001,149.83999599999999,147.830002,149.779999,145.919281,223200,-0.017734741012184863,0.014855605898057789,0.04239876271093834
2017-10-17,149.58999599999999,149.669998,148.470001,148.580002,144.750214,208300,-0.03374471806940349,0.016127730146568986,0.022775282716741785
2017-10-18,148.529999,148.990005,147.100006,147.279999,143.483719,311300,-0.03393693786593843,-0.0003453426763639911,0.0027604420493663184
2017-10-19,146.96000700000002,148.190002,146.130005,148.119995,144.302078,157800,-0.021657049132733697,-0.005427682025731073,0.00970673280598966
2017-10-20,148.779999,150.380005,148.279999,150.360001,146.484329,237000,-0.018525259071136446,0.00986122021126068,0.022481780304278054
2017-10-23,150.509995,151.03999299999998,150.0,150.16000400000001,146.289505,264800,-0.02334763207539936,0.011770620634107942,0.02637717225214775
2017-10-24,150.300003,150.300003,148.369995,149.050003,145.208099,218600,-0.034648384408126454,-0.00037747670947752,0.012613219047137747
2017-10-25,149.070007,150.199997,148.149994,149.199997,145.354218,263000,-0.021584810313820313,-0.0036883550564894563,0.019303439783302956
2017-10-26,149.630005,150.300003,148.699997,150.0,146.133621,171300,-0.023769117664873107,0.009105631655737412,0.022335403881688976
2017-10-27,149.669998,150.220001,148.399994,148.559998,144.730728,228100,-0.03775489247479147,0.0009486562018876654,0.0024331856725225975
2017-10-30,148.08999599999999,148.380005,146.429993,146.770004,142.98684699999998,214800,-0.033157088313394034,-0.013335436952107926,-0.00855031935408146
2017-10-31,146.820007,147.479996,146.21000700000002,147.419998,143.620102,259800,-0.021752342881032227,-0.019766255294120683,0.0004619930813918316
2017-11-01,147.740005,148.940002,147.509995,148.320007,144.496918,266600,-0.020704378442750304,-0.017920064793697676,-0.0022615046370644265
2017-11-02,148.679993,148.929993,147.020004,148.199997,144.37999,299800,-0.02949889101219494,-0.009883256663560935,-0.010189686167564105
2017-11-03,147.96000700000002,149.020004,147.449997,148.309998,144.487167,280600,-0.026037750331545872,-0.017913218442420664,-0.005125140973871289
2017-11-06,148.600006,148.600006,146.429993,146.449997,142.675125,342100,-0.04210145585294267,-0.03588179378116507,0.004791342487586725
2017-11-07,153.0,153.970001,149.509995,149.990005,146.123871,782800,-0.045415878882335114,0.0058788856621943,0.01892683936623918
2017-11-08,149.850006,149.869995,147.25,147.529999,143.727264,435200,-0.04390518501480489,-0.0031761745917373574,0.0024739064222716323
2017-11-09,147.199997,147.550003,146.309998,146.740005,142.957642,235100,-0.029483763891161807,-0.008251293011214855,-0.006116756770969012
2017-11-10,145.449997,147.649994,145.449997,146.770004,142.98684699999998,282200,-0.017901073371104026,-0.011644677619133681,-0.012775908425600946
2017-11-13,146.580002,149.800003,146.479996,149.720001,145.86084,202200,-0.008138452517376216,0.008272024194089234,0.0023286252653695882
2017-11-14,148.949997,150.71000700000002,148.33999599999999,150.649994,146.766876,233800,-0.015199647072440925,0.019126977540368628,0.012381009939516296
2017-11-15,149.610001,149.610001,147.869995,147.949997,144.13644399999998,192000,-0.03539005214597957,0.020473849918290377,0.009825417939431702
2017-11-16,148.630005,149.360001,148.0,148.58999599999999,144.759964,265200,-0.03130301643543998,-0.007445853501405253,-0.0009636543136872788
2017-11-17,148.03999299999998,148.949997,147.509995,148.75,144.915817,210200,-0.01974479775690785,0.014239418560759276,-0.007699875008817081
2017-11-20,149.130005,150.0,148.479996,149.940002,146.07515,245600,-0.021723996944443158,0.022532908157194775,0.004376580063119917
2017-11-21,150.720001,152.220001,150.550003,151.71000700000002,147.799545,209400,-0.023367866183651387,0.026646467015604358,0.008852345236880943
2017-11-22,151.729996,152.179993,150.449997,150.979996,147.08836399999998,203600,-0.0298261529829551,0.0036563828644773366,0.001667673685528115
2017-11-24,151.220001,152.649994,151.220001,152.380005,148.452271,138600,-0.01924104851122177,0.0023276612539495645,-0.0001469347045919278
2017-11-27,152.300003,153.279999,151.279999,151.470001,147.56572,225100,-0.03110209837905753,0.00926620245525367,0.0029638902481163854
2017-11-28,151.970001,154.720001,151.970001,154.449997,150.468903,225500,-0.017991021192766077,0.022794754458796973,0.022176442821473685
2017-11-29,154.610001,155.5,153.83999599999999,154.559998,150.57608000000002,210900,-0.025771179101390373,0.020170613199599785,0.017898420216513777
2017-11-30,154.820007,156.639999,154.08999599999999,155.440002,151.433411,542200,-0.027286243099553964,0.010997208030266492,0.00551256788212573
2017-12-01,156.199997,156.199997,152.559998,154.699997,150.71246299999999,280900,-0.03467396833553771,0.0030357206622442234,0.00011744526501722419
2017-12-04,155.28999299999998,155.28999299999998,153.880005,154.33999599999999,150.36175500000002,411800,-0.025547800743010995,0.005831584710369597,0.007876735105375232
2017-12-05,154.520004,155.869995,153.279999,154.970001,150.97551,255900,-0.019330694698758144,0.006475529863801732,0.01001695021569926
2017-12-06,154.46000700000002,154.630005,153.440002,153.800003,149.835648,262900,-0.03154928213640584,0.004616548604808202,-0.0015251928028128248
2017-12-07,154.21000700000002,154.21000700000002,153.009995,153.259995,149.30957,203500,-0.0355602267172177,-0.011511200088841989,0.009716586530744031
2017-12-08,153.880005,153.899994,152.820007,153.03999299999998,149.095245,238300,-0.03358488517310043,-0.019520201159104467,0.011713656009517237
2017-12-11,153.050003,153.139999,151.78999299999998,152.300003,148.37432900000002,253800,-0.03396302247330407,-0.025083981324500293,0.00019484185174611923
2017-12-12,152.309998,152.529999,151.479996,152.259995,148.335358,186700,-0.027336065116824848,-0.024148781472607794,-0.006111271413892894
2017-12-13,152.559998,153.330002,150.449997,153.03999299999998,149.095245,361100,-0.02119415679667025,-0.017289024206809778,0.0004709675621263898
2017-12-14,153.229996,153.25,151.580002,151.630005,147.721588,211200,-0.031398039052390025,-0.030285784479718636,-0.002355615821598711
2017-12-15,152.580002,154.399994,152.380005,154.169998,150.196121,526000,-0.021436415757552396,-0.015143011541652207,0.01921358943670004
2017-12-18,154.759995,155.429993,153.990005,154.33999599999999,150.36175500000002,213200,-0.030408761044496302,-0.012944034310295116,-0.009106333441745385
2017-12-19,154.119995,154.759995,153.350006,154.399994,150.420181,244400,-0.020115936463573014,-0.0023923684193052352,0.01249746218194936
2017-12-20,154.75,154.759995,152.990005,153.070007,149.124496,205000,-0.033701956069625894,-0.002171374879389454,0.006274759983571521
2017-12-21,153.229996,153.479996,151.449997,151.860001,147.945679,180900,-0.03567242015620664,-0.010280978445516453,-0.004747572240275666
2017-12-22,152.25,152.570007,151.550003,152.509995,148.578903,162800,-0.024079903988229567,-0.01113448487405222,-0.018935541506015063
2017-12-26,152.889999,152.889999,151.970001,152.240005,148.315887,94100,-0.030900457996787978,-0.00667046660291426,-0.0281530599648816
2017-12-27,152.570007,153.419998,151.759995,152.919998,148.978348,175800,-0.024016439270901913,-0.010682745706646735,-0.01194300618823707
2017-12-28,152.679993,153.91000400000001,152.08999599999999,153.770004,150.485474,227700,-0.015013548372497354,0.0017968177548670639,0.00013633781452693228
2017-12-29,154.169998,154.800003,152.58999599999999,152.610001,149.35022,189600,-0.025966396029642347,-0.004203085336871304,-0.005945041715681221
2018-01-02,153.03999299999998,154.559998,152.53999299999998,154.559998,151.258591,264500,-0.01619951129758679,0.008047561536533188,-0.008210586637090067
2018-01-03,154.929993,156.58999599999999,154.529999,155.740005,152.413376,243900,-0.02199892348760102,0.01919465639481377,-0.012199382861066255
2018-01-04,156.279999,157.220001,153.58999599999999,153.759995,150.475662,371300,-0.03956742714685646,-0.0023501871536764085,-0.02494211152416881
2018-01-05,154.46000700000002,156.929993,154.320007,156.869995,153.519241,259900,-0.010427461532947824,0.011378021754113732,-0.019102699464717432
2018-01-08,156.83999599999999,156.83999599999999,155.449997,155.830002,152.50145,208000,-0.029888000979005902,-0.0006007265272769402,-0.02180993517076768
2018-01-09,155.929993,156.490005,154.139999,154.259995,150.964981,214200,-0.03241018400585194,-0.020262280445498604,-0.042920697089768645
2018-01-10,154.300003,154.75,152.28999299999998,153.779999,150.495239,264600,-0.025942953452297246,-0.01988997024041339,-0.046005625155694396
2018-01-11,154.5,154.5,152.830002,153.529999,150.25058,388800,-0.03317543123388411,-0.03295381088297855,-0.05216160555033511
2018-01-12,154.169998,154.199997,152.220001,153.699997,150.416946,366700,-0.030425536237305373,-0.03980117254007709,-0.05503627606338757
2018-01-16,154.699997,155.440002,152.110001,152.53999299999998,149.281723,252000,-0.02756685334290765,-0.027030664124127135,-0.05780436035866554
2018-01-17,155.529999,157.399994,154.929993,156.550003,153.20606999999998,778000,-0.02134378182050689,-0.023468476630696067,-0.04904670595921523
2018-01-18,156.240005,156.880005,153.169998,155.130005,151.816422,357400,-0.0271607282053683,-0.02264984846283724,-0.04907633223841312
2018-01-19,155.830002,155.830002,154.490005,155.190002,151.875122,398300,-0.02845072883258215,-0.015210628499526813,-0.04662012550045347
2018-01-22,154.820007,154.820007,152.699997,153.059998,149.790619,443600,-0.041464897494732256,-0.03506156377282643,-0.06154698776941636
2018-01-23,153.0,153.369995,151.309998,153.009995,149.74168400000002,322000,-0.02296425350504272,-0.02892426984469676,-0.05600189407053158
2018-01-24,153.020004,153.75,151.889999,152.860001,149.59489399999998,291500,-0.01986456068449538,-0.023724624398823835,-0.05461211898960361
2018-01-25,153.610001,155.130005,153.080002,154.850006,151.542389,461200,-0.011092659385716352,-0.007347530760519305,-0.04786286691237507
2018-01-26,155.270004,155.270004,153.229996,153.490005,150.21144099999998,433800,-0.04199883979923236,-0.04451823431883639,-0.06327915579833299
2018-01-29,153.399994,153.889999,150.880005,150.899994,147.676758,338300,-0.03323346674602057,-0.047287449298289985,-0.0812207699950509
2018-01-30,150.229996,150.889999,148.580002,149.91000400000001,146.70791599999998,428100,-0.020077536621069925,-0.038921908514107706,-0.07259799970426606
2018-01-31,150.240005,151.240005,149.0,150.300003,147.08956899999998,445500,-0.018151484104865112,-0.014958168209506795,-0.07411278755961792
2018-02-01,149.479996,150.479996,146.919998,147.990005,144.828918,542900,-0.03357095777939545,-0.02729966608432921,-0.08113018527547133
2018-02-02,146.940002,147.809998,146.070007,146.130005,143.00863600000002,382200,-0.01032137255990051,-0.018090499391655968,-0.06242163993574312
2018-02-05,145.350006,146.860001,140.940002,140.96000700000002,137.949081,420700,-0.01807483875435434,-0.02460034730053895,-0.0613287293388618
2018-02-06,139.28999299999998,142.529999,137.850006,142.41000400000001,139.368103,578500,-0.02970952097004531,-0.011063792944053574,-0.0676724821394723
2018-02-07,141.970001,144.860001,141.419998,142.699997,139.651901,352200,-0.013004569849640824,0.006247948824278815,-0.06429007546412535
2018-02-08,142.130005,142.66000400000001,137.929993,138.0,135.052307,369500,-0.011572468938665814,0.006639789694434128,-0.067755027764699
2018-02-09,139.360001,141.270004,136.850006,140.399994,137.401016,407500,-0.020963474735792964,0.006946551887907049,-0.06296315033483957
2018-02-12,141.03999299999998,143.25,140.550003,142.419998,139.37789899999999,271000,-0.01912867989983713,0.022253299572954965,-0.06692444723904956
2018-02-13,141.630005,143.389999,140.220001,143.059998,140.00422700000001,425200,-0.017825088099727715,0.015338920387301336,-0.06627737594325556
2018-02-14,141.940002,145.119995,141.080002,144.850006,141.755997,680000,-0.01902526721921216,0.00863795401503964,-0.05034058817014575
2018-02-15,138.929993,145.08999599999999,135.080002,144.020004,140.943726,761300,0.007874049368759906,-0.0020488952117601045,-0.08109939910534614
2018-02-16,143.580002,144.58999599999999,141.429993,141.830002,138.800491,447200,-0.03571585270853195,-0.024793801368270252,-0.08848315030511866
2018-02-20,141.360001,144.029999,141.100006,142.380005,139.338745,436800,-0.011927252487441642,-0.01983319691244123,-0.06732594423164162
2018-02-21,142.570007,143.41000400000001,141.429993,141.440002,138.418823,492200,-0.022466666259714607,-0.023361443150560213,-0.06643462324498639
2018-02-22,142.229996,143.970001,141.850006,142.66000400000001,139.612762,545800,-0.01618660806410066,-0.016212456644502105,-0.05018309300057311
2018-02-23,143.669998,145.889999,142.470001,145.820007,142.705292,323700,-0.01826942222144634,-0.0120788820134754,-0.03855508541665387
2018-02-26,145.759995,145.979996,143.880005,145.429993,142.323593,232500,-0.031887808646382076,-0.025566833869739014,-0.04887675791575763
2018-02-27,145.75,145.899994,142.580002,142.580002,139.53447,315400,-0.030487146276477972,-0.014826737743189433,-0.0724576602178395
2018-02-28,142.679993,143.619995,141.190002,141.25,138.23288,388100,-0.017050938509013847,0.0026557184879454354,-0.06317758335433599
2018-03-01,141.41000400000001,141.770004,138.029999,138.380005,135.424179,380200,-0.02932559500466425,-0.014187110134308512,-0.06630242586642332
2018-03-02,137.860001,138.529999,136.860001,137.83999599999999,134.895721,636400,-0.03383370926237195,-0.022043491855688657,-0.053416551327848616
2018-03-05,137.33999599999999,139.270004,137.050003,138.570007,135.61013799999998,943900,-0.027440563783296845,-0.035348504173629,-0.05660732732950535
2018-03-06,139.479996,140.270004,138.850006,139.630005,136.64750700000002,928800,-0.01976177859786521,-0.036371081206094225,-0.05120154222392426
2018-03-07,138.570007,140.130005,137.990005,139.320007,136.344131,527400,-0.02230734911590826,-0.023742934997454945,-0.06527216215269327
2018-03-08,139.850006,140.029999,137.929993,139.0,136.030945,704500,-0.029961564471594038,-0.023492441582966705,-0.05143186748196982
2018-03-09,139.970001,141.240005,139.399994,141.009995,137.998001,607800,-0.02634189271550902,-0.02815112276898013,-0.04404125682502613
2018-03-12,141.029999,142.809998,141.029999,142.050003,139.015793,819200,-0.0116866179575279,-0.012414065683663544,-0.03979458303597916
2018-03-13,143.009995,143.470001,140.800003,141.28999299999998,138.272018,258000,-0.02397516736780414,-0.0024261490519688067,-0.04088453217031063
2018-03-14,141.669998,141.690002,139.08999599999999,139.28999299999998,136.314758,338000,-0.02963360984294372,-0.005251936477946195,-0.03455959772312234
2018-03-15,139.169998,140.059998,138.830002,139.029999,136.060303,349500,-0.02007511855088495,-0.011323265817281936,-0.044434308649550225
2018-03-16,137.630005,139.08999599999999,136.41000400000001,138.740005,135.77650500000001,837200,-0.014082142715687418,-0.013374655296057192,-0.05404647014821151
2018-03-19,138.009995,139.199997,137.059998,137.83999599999999,134.895721,357900,-0.01238818342429937,0.0011760561918405799,-0.03919201834607566
2018-03-20,138.009995,138.009995,135.25,135.619995,132.723129,486100,-0.03975672635169669,-0.013668730061814571,-0.06395793571111952
2018-03-21,135.860001,137.5,135.369995,136.080002,133.17330900000002,394900,-0.018845862986192508,-0.017060047504970477,-0.06349442023538376
2018-03-22,135.46000700000002,135.860001,133.220001,133.25,130.403763,417200,-0.02016990340835445,-0.013610263933795608,-0.061441347992013284
2018-03-23,133.0,135.119995,132.490005,132.600006,130.44311499999998,548200,0.002919608508626048,0.016396579124982047,-0.040416318171095256
2018-03-26,133.610001,136.139999,133.610001,135.809998,133.600891,415100,-0.014922832854053603,0.014607417895326158,-0.0451658111415254
2018-03-27,135.889999,137.990005,135.050003,135.399994,133.197556,386400,0.0008020591233321994,0.0328011846014169,-0.02988323956183425
2018-03-28,135.71000700000002,136.740005,134.869995,135.059998,132.86308300000002,302400,-0.018785635646420218,0.025409945560332936,-0.011733177573982623
2018-03-29,135.729996,137.889999,135.229996,136.91000400000001,134.683014,286100,-0.017813651466900282,0.043056524137813135,0.0038923897949638686
2018-04-02,136.830002,136.949997,133.149994,134.100006,131.918732,398700,-0.01677624310335979,0.039677474207985064,-0.003983749114957469
2018-04-03,134.330002,135.880005,133.669998,135.33999599999999,133.13855,359800,-0.017467557579236015,0.03187672347993864,-0.0062031813615144316
2018-04-04,134.199997,137.149994,133.619995,137.020004,134.791214,258800,-0.01880393696530991,0.011221792235443395,-0.012982069291149756
2018-04-05,137.740005,138.919998,137.229996,138.279999,136.03071599999998,256900,-0.014547239680583246,0.01641140728848356,-0.016675521839566443
2018-04-06,137.350006,138.270004,134.529999,135.330002,133.12870800000002,274100,-0.015464193235984247,0.002607385563893949,-0.0017090201282012885
2018-04-09,135.91000400000001,137.389999,134.919998,135.869995,133.65991200000002,314600,-0.01515713474339453,0.0028519487677147737,0.005945508936921584
2018-04-10,136.860001,138.169998,135.440002,137.029999,134.80105600000002,297400,-0.02213083317300324,-0.005164270367044033,-0.0039275990600255994
2018-04-11,136.110001,137.0,135.580002,136.46000700000002,134.240326,306600,-0.013188537866430927,-0.0056447210887595745,0.004558639930591468
2018-04-12,137.009995,137.699997,136.559998,137.33999599999999,135.10600300000002,792000,-0.01781528781091346,-0.004101901147723019,0.011738409346451206
2018-04-13,137.860001,138.21000700000002,136.83999599999999,137.679993,135.440475,562800,-0.009981263311487076,0.00042486496896021464,0.02279129985143946
2018-04-16,138.559998,140.529999,137.740005,140.46000700000002,138.175262,346500,-0.005675107186410067,0.010024903880762714,0.029720463247290496
2018-04-17,141.119995,142.28999299999998,140.830002,142.080002,139.768921,405300,-0.014676407329663022,0.01028768952495529,0.03232160439420895
2018-04-18,142.279999,143.479996,141.800003,143.03999299999998,140.713287,470300,-0.010529905870246381,0.015539349818511461,0.04497730033839975
2018-04-19,142.449997,142.96000700000002,140.240005,141.630005,139.326233,442700,-0.01919562138055131,0.01946289068678464,0.04368641439573917
2018-04-20,141.990005,142.46000700000002,140.130005,141.600006,139.296722,951800,-0.010788748823304495,0.026451908339696573,0.043424613953951585
2018-04-23,141.509995,141.919998,140.300003,141.009995,138.716309,385700,-0.0180276756097415,0.02400912720383097,0.038173685602250984
2018-04-24,141.309998,141.419998,137.800003,138.330002,136.079895,414200,-0.020314799762470415,0.012927919542628175,0.04097115587201383
2018-04-25,137.880005,140.71000700000002,136.96000700000002,140.25,137.968674,489000,-0.0010559085955090808,0.012962716321399448,0.05400644538597188
2018-04-26,140.630005,142.550003,139.449997,142.050003,139.739395,335600,-0.012102814638112136,0.014472607364259815,0.060168867054525954
2018-04-27,141.919998,143.139999,141.369995,142.809998,140.48703,336700,-0.00806800913262773,0.01279267010038776,0.05659391424694693
2018-04-30,142.96000700000002,143.509995,141.119995,141.259995,138.962234,325900,-0.015433332909985609,0.01426451909010229,0.07161966354765603
2018-05-01,140.509995,142.059998,139.449997,142.059998,139.74923700000002,337600,-0.009898827075225825,0.00900482838219041,0.06948948984111247
2018-05-02,141.699997,142.369995,139.600006,140.100006,137.821121,340700,-0.020734537765233263,0.006575420393606812,0.058359369929653404
2018-05-03,139.809998,140.929993,139.320007,140.080002,137.80143700000002,346400,-0.015098157491179265,0.014406646004809787,0.03898122275184157
2018-05-04,139.509995,143.080002,139.509995,142.149994,139.837753,417700,-0.013536804890002863,0.004396783525593584,0.043795811016239306
2018-05-07,136.940002,137.0,126.08000200000001,126.889999,124.82598899999999,3248600,-0.08974148641998436,-0.1149897811111158,-0.08762209865800674
2018-05-08,126.910004,129.690002,125.339996,126.489998,124.432503,2437700,-0.02033621724815493,-0.12210430192745747,-0.09092033324084348
2018-05-09,127.110001,131.149994,126.050003,130.389999,128.269058,1424500,0.001759377959963615,-0.09868152017456921,-0.07011838076472632
2018-05-10,131.03999299999998,131.03999299999998,126.800003,127.440002,125.36705,1117000,-0.050907364078806694,-0.13399442229695158,-0.10418240666382417
2018-05-11,127.970001,128.619995,127.33000200000001,127.620003,125.54412099999999,869000,-0.020980678486439253,-0.127628056409832,-0.10114540996011723
2018-05-14,125.389999,127.309998,124.68,126.300003,124.24558999999999,1794300,-0.006118525404399833,-0.14102162783115624,-0.11326219731475806
2018-05-15,125.900002,125.959999,123.360001,123.949997,121.933807,1124900,-0.029379758179874926,-0.1548770586055097,-0.12749265487775396
2018-05-16,123.620003,125.0,123.190002,124.059998,122.04201499999999,1086000,-0.01646786616920881,-0.0410282152198409,-0.1312576994417416
2018-05-17,124.440002,125.760002,123.91999799999999,125.07,123.035599,1037000,-0.011504339473265013,-0.0291720324078506,-0.12294431441640885
2018-05-18,125.33000200000001,128.360001,125.279999,126.360001,124.30461899999999,2375600,-0.0066019049530297025,-0.037005946755905406,-0.10196005715358769
2018-05-21,127.25,127.25,124.75,125.029999,122.99623899999999,676700,-0.03312946477323209,-0.022735681138891017,-0.12127336671395561
2018-05-22,125.620003,125.989998,124.68,124.970001,122.93721799999999,814600,-0.016498649837576984,-0.01978025221092583,-0.11682376102332004
2018-05-23,125.099998,125.660004,124.099998,125.150002,123.114296,893800,-0.023090083080060886,-0.010303853547391384,-0.12399091583110966
2018-05-24,125.199997,125.349998,123.699997,124.959999,122.927383,593900,-0.017153548355786086,0.002118232839030121,-0.13539932591948656
2018-05-25,124.379997,126.25,124.360001,125.389999,123.350388,1005300,-0.007478572507785941,0.011078726761126312,-0.13046666220557057
2018-05-29,124.900002,125.489998,123.800003,124.110001,122.091202,712900,-0.017091681283834426,0.003485029408574647,-0.13499863482634566
2018-05-30,124.480003,125.18,124.110001,124.809998,122.779823,702800,-0.021706110067852613,-0.016403561494135133,-0.13782650933450746
2018-05-31,125.279999,125.279999,122.110001,122.129997,120.14341,926800,-0.03607473937105787,-0.013265825383748542,-0.16099110043740072
2018-06-01,123.019997,125.279999,122.879997,124.019997,122.00267,1058300,-0.014142712131175905,-0.01136052113994257,-0.15219340936709358
2018-06-04,124.529999,124.980003,123.290001,124.540001,122.514214,747600,-0.018214515691441058,-0.00984220191289964,-0.14676103728663747
2018-06-05,124.91999799999999,125.760002,124.309998,124.43,122.406006,893200,-0.02045380890638704,-0.011934068808885812,-0.16029611104977182
2018-06-06,124.769997,125.610001,123.379997,125.599998,123.556969,805600,-0.016683020491233158,-0.016901262615321322,-0.1618405321851517
2018-06-07,125.440002,127.07,125.110001,126.220001,124.16688500000001,675500,-0.008588872933620983,-0.012633555379389705,-0.16042486030612313
2018-06-08,125.0,126.870003,124.75,126.410004,124.353798,561400,-0.009940562961834765,-0.0072588751537194796,-0.15934990357832923
2018-06-11,125.959999,126.349998,124.739998,125.559998,123.517624,549600,-0.02023498210582453,-0.00027062586548431966,-0.17026655468507546
2018-06-12,125.559998,125.839996,124.110001,124.43,122.406006,1058000,-0.025888914233846094,-0.015618923806391294,-0.17438775356709169
2018-06-13,124.66999799999999,124.66999799999999,123.190002,123.529999,121.520645,800100,-0.021160819878248027,-0.018558471937573984,-0.17972615522902124
2018-06-14,124.230003,125.120003,123.160004,124.510002,122.484703,1086900,-0.013889844510069693,-0.011539024826853428,-0.17623191940221883
2018-06-15,124.690002,126.339996,124.150002,126.209999,124.157051,1137100,-0.004959896940815334,0.002211752311265691,-0.04463899876277022
2018-06-18,125.059998,125.940002,125.059998,125.550003,123.50778999999999,700100,-0.01536324785733889,-0.006541544283164669,-0.04486210266183033
2018-06-19,124.75,125.650002,124.410004,125.309998,123.27168999999999,735600,-0.015758073353069335,-0.002806652358760431,-0.06347503576252045
2018-06-20,125.0,125.93,124.559998,125.519997,123.47827099999999,467300,-0.011378072138128026,0.00497207302191871,-0.03130005936620517
2018-06-21,125.230003,125.709999,124.410004,124.66999799999999,122.64209699999999,536000,-0.013808006981693488,0.015325217865255425,-0.03143447929200427
2018-06-22,124.339996,125.050003,124.0,124.599998,123.255402,535900,-0.006618032328804091,0.021678339823949067,-0.01702618757391594
2018-06-25,124.589996,124.800003,123.150002,123.639999,122.305771,549200,-0.00902788788468012,0.02233016793382081,0.0009753071371116917
2018-06-26,123.809998,124.099998,123.099998,123.199997,121.87051399999999,412400,-0.016134234009586912,0.0019841326632228373,-0.0016266508797064816
2018-06-27,123.779999,125.050003,123.08000200000001,123.120003,121.79138200000001,465800,-0.005577209609718636,0.013090878455185972,-0.002599191798793754
2018-06-28,123.150002,123.970001,122.120003,123.699997,122.36511999999999,483800,-0.012901693780297485,0.009512894944959882,-0.01695619406165516
2018-06-29,124.209999,124.550003,123.529999,123.959999,122.62231399999999,472600,-0.009647407791892881,0.01089070459373076,0.002326326366416609
2018-07-02,123.720001,124.089996,122.940002,123.559998,122.226624,440600,-0.020156390765981413,0.00502446094553477,-0.006629766135543669
2018-07-03,124.089996,124.529999,122.720001,122.949997,121.62321499999999,283400,-0.012716621237005121,0.0019069538361131677,-0.004815380190411389
2018-07-05,122.93,124.519997,122.879997,124.5,123.15648700000001,597600,-0.002708141562806965,-0.0002342784227318262,-0.0013772041246502553
2018-07-06,123.610001,125.489998,123.610001,125.209999,123.85882600000001,378200,-0.006043702251331773,0.0027740813722667568,-0.009931296268566037
2018-07-09,125.239998,125.870003,124.91999799999999,125.730003,124.37321499999999,470400,-0.010020624863373406,-0.009857846386138291,-0.015942067593506692
2018-07-10,125.809998,129.190002,125.370003,128.940002,127.548576,770500,0.01183279340476151,0.013345256347975898,0.01279262378045587
2018-07-11,127.989998,128.78999299999998,127.5,127.769997,126.39119,716900,-0.010481677339795326,0.01000770658025818,0.02559985833042333
2018-07-12,128.699997,128.699997,127.83000200000001,128.16000400000001,126.777,347800,-0.020483235766447727,0.010639951857776886,0.015370706862175787
2018-07-13,128.110001,128.729996,127.849998,128.259995,126.87590800000001,296600,-0.011244594448175604,0.010330567050461426,0.015357388772949676
2018-07-16,128.559998,128.559998,126.980003,127.379997,126.005402,476500,-0.020453294641787245,0.0005304261589405002,0.011087290843176056
2018-07-17,127.389999,129.21000700000002,127.16999799999999,128.990005,127.59803799999999,351400,-0.005587550010474729,0.011883716832372215,0.0188536831791275
2018-07-18,129.21000700000002,129.949997,128.16000400000001,128.229996,126.84623,564200,-0.019981174127501333,0.00845597009328447,0.005147457879167483
2018-07-19,127.889999,130.009995,126.709999,129.899994,128.498215,709900,0.006483101433325977,0.0036130573396464527,0.023664556273821802
2018-07-20,129.919998,130.050003,128.220001,128.940002,127.548576,639500,-0.0174512679381138,-0.0008597637225165045,0.025010720473391146
2018-07-23,128.5,128.509995,127.019997,127.209999,125.83724199999999,629200,-0.023725810929112967,-0.010540930661647963,0.02044870000691912
2018-07-24,128.0,129.199997,127.07,128.470001,127.083649,572900,-0.0070854583248465275,-0.005155481377178361,0.0287603793333453
2018-07-25,128.429993,129.529999,126.790001,129.139999,127.746422,508800,-0.0153442634834704,-0.003158156029354764,0.01946815964067472
2018-07-26,129.389999,131.529999,129.380005,131.270004,129.853424,429900,0.0028877568570138124,0.00764344122850158,0.02428537209636339
2018-07-27,131.279999,132.490005,130.5,131.220001,129.80397,324800,-0.0029942223529308976,0.021913969631980557,0.03360297179431271
2018-07-30,131.270004,131.91000400000001,130.169998,130.350006,128.94335900000002,411100,-0.01204845145686484,0.004132325206015253,0.030603533838597485
2018-07-31,130.619995,133.070007,130.619995,132.759995,131.327347,511300,0.0030686885829771526,0.024048131264427397,0.04408677871589983
2018-08-01,132.5,133.179993,131.850006,132.380005,130.95146200000002,761000,-0.008983781694501758,0.037567022251924875,0.04269050439358857
2018-08-02,132.029999,132.78999299999998,131.520004,132.169998,130.743729,668200,-0.01929308440037225,0.025978414528996296,0.03306045403839253
2018-08-03,132.800003,134.46000700000002,132.699997,134.199997,132.751801,672400,-0.004147882897551192,0.04044580668392861,0.03758379839078252
2018-08-06,133.490005,135.479996,132.419998,134.100006,132.652908,772700,-0.009843730989448574,0.016772611534993764,0.039073850968134316
2018-08-07,134.479996,135.220001,133.33999599999999,134.229996,132.781479,809200,-0.01359619456792771,0.008718251687897194,0.02923034502702393
2018-08-08,134.580002,135.690002,132.070007,134.259995,132.811157,769700,-0.013549043371994252,0.010085521027593636,0.03117615992123124
2018-08-09,134.889999,135.369995,134.179993,134.449997,132.999115,530600,-0.012852919972261567,-0.0005045081937442575,0.032691565928424815
2018-08-10,133.75,134.479996,132.360001,132.41000400000001,130.98113999999998,683700,-0.01893748508253612,-0.006828916843559796,0.030837126604494003
2018-08-13,132.41000400000001,133.199997,130.740005,131.25,129.833649,569800,-0.014866047763541168,-0.0051122695592233924,0.026041230643055968
2018-08-14,131.259995,132.630005,131.240005,131.300003,129.883102,459500,-0.014807901307684723,-0.02170903166585436,0.016109045147659984
2018-08-15,130.830002,131.279999,129.759995,131.16000400000001,129.74461399999998,501400,-0.004937470175548242,-0.010867436344438097,0.025432333251429462
2018-08-16,131.78999299999998,132.229996,131.41000400000001,131.619995,130.199646,431700,-0.015402246976896627,-0.013403207983161636,0.025684983430000585
2018-08-17,131.869995,132.83999599999999,131.66000400000001,132.16000400000001,130.733826,1591000,-0.012805371754716077,-0.013112331377713282,0.004718572195542059
2018-08-20,132.759995,133.860001,132.41000400000001,133.699997,132.257202,490000,-0.004887095640969896,-0.006809214781509532,0.015874644566657103
2018-08-21,133.860001,134.509995,132.71000700000002,133.100006,131.663696,540300,-0.017050151201017272,-0.005223409098062071,0.014973765648655046
2018-08-22,133.199997,133.199997,131.16000400000001,131.600006,130.179886,343800,-0.023224597701010374,-0.01137356144116719,0.004337102151427352
2018-08-23,131.130005,131.33999599999999,130.449997,130.830002,129.418182,503500,-0.011982437376943267,-0.00956111033114837,0.006017508657571113
2018-08-24,131.179993,131.759995,130.080002,131.71000700000002,130.288696,266000,-0.011119467608284417,-0.015601360525428376,-0.0020527441063711294
2018-08-27,131.96000700000002,131.979996,130.949997,131.229996,129.813858,478100,-0.02056587848108915,-0.022506451704710884,-0.005277438367994769
2018-08-28,131.25,131.559998,130.059998,130.399994,128.99281299999998,352500,-0.015991822306979486,-0.02989734332912164,-0.028791828473226033
2018-08-29,130.389999,130.440002,129.360001,130.270004,128.864227,393700,-0.01638650586818713,-0.045739987285171146,-0.02900557899599754
2018-08-30,130.119995,130.649994,129.119995,129.880005,128.47843899999998,473600,-0.010007505371739889,-0.03773404848192907,-0.012219352171626063
2018-08-31,129.550003,130.529999,129.240005,130.28999299999998,128.88398700000002,460800,-0.006240450150435173,-0.023781492957240857,-0.014288909428635144
2018-09-04,129.869995,130.070007,128.080002,129.58999599999999,128.191559,761900,-0.012925366290393647,-0.023337118879823038,-0.01416145419289716
2018-09-05,129.309998,129.850006,127.58000200000001,127.720001,126.34173600000001,936600,-0.022187616098477747,-0.03558946843284261,-0.04528565376771532
2018-09-06,127.800003,130.949997,127.800003,129.880005,128.47843899999998,1487800,0.008967302526599497,-0.0038674976733021893,-0.031058905673277515
2018-09-07,129.220001,129.580002,126.730003,127.059998,125.68885800000001,634900,-0.028898536881415637,-0.01698921265534903,-0.049913366334590314
2018-09-10,127.5,128.779999,127.190002,128.649994,127.261696,599900,-0.00039124920707411803,0.0002334376059032195,-0.052820272654521716
2018-09-11,126.449997,128.820007,124.629997,127.309998,125.93616499999999,1035600,-0.00973895020533977,-0.01541176745656081,-0.06519814188011175
2018-09-12,127.400002,132.16000400000001,126.949997,131.149994,129.734711,1843600,0.017941864115827322,0.010931048307619484,-0.029336275650011956
2018-09-13,135.169998,138.66000400000001,133.850006,137.229996,135.7491,6844100,0.0017480167355401477,0.054710626370596316,0.00010336549377054638
2018-09-14,137.949997,138.28999299999998,135.570007,136.5,135.026993,1626400,-0.020934790750886556,0.060829771421294865,-0.0012284938814142166
2018-09-17,136.229996,137.440002,135.25,136.490005,135.01710500000002,1683600,-0.0037537560779421497,0.04591216431451439,0.006135006953339683
2018-09-18,136.679993,138.649994,136.25,138.25,136.758118,1048500,-0.004111912329301859,0.07310567108807842,0.013106783725894466
2018-09-19,138.440002,139.199997,136.669998,137.509995,136.026093,1177600,-0.01805460738556164,0.05594604297976424,0.0036302785189867848
2018-09-20,138.630005,140.419998,137.830002,139.91000400000001,138.400192,1996500,-0.005426342719874633,0.07964201051876163,0.021272785482209677
2018-09-21,139.869995,141.679993,139.5,140.46000700000002,139.67301899999998,2356500,0.0010079024466813635,0.05980537229659255,0.03558136620580399
2018-09-24,139.899994,141.03999299999998,138.5,138.66000400000001,137.883102,1178100,-0.013679320216028579,0.010381085705621018,0.032193482865245926
2018-09-25,138.869995,139.610001,136.779999,137.03999299999998,136.272171,1721600,-0.01676324399906992,0.005544003990443969,0.01518294645346785
2018-09-26,136.679993,137.979996,135.449997,137.009995,136.24233999999998,1210100,0.0005744317466174209,0.0031077139600652615,0.02264592889656658
2018-09-27,136.990005,138.690002,136.990005,138.53999299999998,137.76376299999998,1478000,0.004825578337581682,0.00399570570320229,0.03021482080681004
2018-09-28,138.25,140.559998,138.25,139.119995,138.34051499999998,3888300,-0.0007019316186447355,0.014799929507684162,0.02523942280818048
2018-10-01,139.470001,141.050003,137.96000700000002,138.46000700000002,137.684235,1284900,-0.012305527957071405,-0.003082486341588364,0.023413708238683384
2018-10-02,138.860001,139.770004,138.490005,139.399994,138.61895800000002,1137200,-0.0016107833471918909,-0.005443051919483466,0.04151187572748771
2018-10-03,139.399994,139.529999,136.399994,136.46000700000002,135.695435,1059800,-0.024824328838188414,-0.01809426155108529,0.023660331645309007
2018-10-04,135.570007,137.429993,132.979996,137.389999,136.620224,1953300,0.013812055260272516,0.007346984779306176,0.0381312917582024
2018-10-05,137.029999,138.75,137.029999,138.570007,137.79361,1200300,0.011420864778153295,0.018366528151259054,0.06351890875253652
2018-10-08,138.570007,139.78999299999998,137.949997,139.449997,138.668671,1121000,-0.0016832236647061904,0.01674649445277865,0.07685865858871033
2018-10-09,138.600006,139.5,137.389999,137.490005,136.719666,2777600,-0.012906461642923972,-0.00017408584174649633,0.07080532425160513
2018-10-10,137.880005,137.880005,133.800003,134.0,133.249207,1568700,-0.0029846921988561093,0.01592054631849571,0.07706830303910817
2018-10-11,134.0,134.78999299999998,131.520004,132.630005,131.886887,1866300,0.0017248706953072457,0.019268936066182185,0.08456230475091076
2018-10-12,134.899994,135.130005,129.649994,130.919998,130.186462,1470500,-0.03433435144815267,0.014213008149189577,0.06121045867432162
2018-10-15,129.990005,132.970001,129.600006,131.630005,130.892502,2001200,0.011648097866058471,0.01054903692449205,0.08426979711553706
2018-10-16,133.0,137.600006,132.740005,137.529999,136.75943,1551600,0.012500071686569747,0.01903290316232198,0.08641930958816069
2018-10-17,137.300003,139.190002,137.220001,138.229996,137.45550500000002,844400,0.0020072240912192285,0.01763683098356239,0.11148470222762175
2018-10-18,138.240005,138.300003,135.880005,136.860001,136.093185,772100,-0.003724858822577559,0.03490881191942563,0.10548069856512754
2018-10-19,137.309998,139.83999599999999,137.139999,139.119995,138.34051499999998,1025000,0.01031997685705388,0.04394345309905301,0.13642352359472198
2018-10-22,139.869995,140.479996,137.889999,139.71000700000002,138.927231,786000,-0.0002312033931923807,0.0419732752859856,0.11560453172927687
2018-10-23,138.259995,140.809998,137.16000400000001,139.720001,138.937164,1306700,-0.002313357216594092,0.07465497521705355,0.08115480752077886
2018-10-24,139.5,140.490005,137.100006,137.350006,136.580444,867000,0.009170543264859887,0.07756662238563461,0.1010066480798768
2018-10-25,138.850006,140.520004,137.83999599999999,139.729996,138.947098,652100,-0.010709146537125847,0.05371322319303573,0.09422036846668203
2018-10-26,138.5,141.059998,136.5,140.130005,139.344864,1122500,0.009524765716018457,0.0687214247318435,0.10710045587138683
2018-10-29,142.009995,142.559998,138.550003,139.78999299999998,139.00676,1101000,-0.005822091939321261,0.06833724060620305,0.11787189619156635
2018-10-30,140.080002,144.600006,139.169998,144.389999,143.580994,1161600,0.008924412847010288,0.06842910053224216,0.12521061360820251
2018-10-31,145.050003,145.949997,143.830002,144.66000400000001,143.849487,987400,-0.010577763678345065,0.05096352251103209,0.10676268194371641
2018-11-01,145.0,146.860001,144.100006,146.199997,145.38085900000002,676100,-0.005728013098675433,0.04545184083714027,0.11622556265229811
2018-11-02,146.899994,147.190002,145.070007,145.979996,145.162079,661700,-0.0037124294982868733,0.03603977876757547,0.1315024228570083
2018-11-05,145.880005,146.320007,143.970001,146.029999,145.211807,965500,-0.008960852050834411,0.032071816539584574,0.12318447104620134
2018-11-06,143.990005,150.570007,142.130005,148.690002,147.85690300000002,1050100,0.02029406855586835,0.02354578523126616,0.1266505353994507
2018-11-07,149.149994,149.5,142.149994,145.110001,144.296967,1163500,-0.047309711170554714,-0.025964657885157116,0.07710730879872507
2018-11-08,145.100006,147.220001,144.479996,147.220001,146.395142,604600,0.008725811130786632,-0.025848023644292617,0.10244507630549826
2018-11-09,146.649994,147.03999299999998,144.619995,145.850006,145.032822,587000,-0.006392767504853403,-0.017031131432243107,0.09517460243095677
2018-11-12,145.679993,146.33999599999999,142.889999,143.0,142.198792,912600,-0.006837326080678885,-0.016953923670999238,0.11736590053238416
2018-11-13,143.179993,144.240005,142.0,142.949997,142.14906299999998,752100,-0.00433934754606824,-0.02065139319659437,0.10350404488110776
2018-11-14,142.300003,143.949997,141.029999,141.429993,140.637573,798300,0.0016030022665436405,-0.0185030901303449,0.08631485276459738
2018-11-15,140.550003,142.75,139.720001,142.470001,141.671753,803900,-0.005576488376191513,-0.03352624905229806,0.07637779189437399
2018-11-16,141.0,143.369995,139.0,143.070007,142.268402,606300,0.00245483748476083,0.013814124816335926,0.0910955194568075
2018-11-19,142.580002,143.429993,139.720001,140.58999599999999,139.802292,621600,-0.0049139289562578625,-0.003836957774695726,0.08268757221230683
2018-11-20,138.740005,139.679993,137.360001,138.21000700000002,137.435623,1074600,-0.004646611371078357,-0.0024848192583037942,0.07342084710647079
2018-11-21,139.46000700000002,140.729996,138.940002,139.490005,138.70845,647200,-0.00246068872439853,0.0035310508797641305,0.10668394326295871
2018-11-23,138.91000400000001,140.330002,138.33999599999999,139.740005,138.957062,261300,0.0006425674971923812,0.010764958197136743,0.10371996615375245
2018-11-26,140.369995,141.070007,138.479996,139.850006,139.066437,603400,-0.018151421546683366,-0.0007673329050570388,0.06651461669721837
2018-11-27,138.820007,140.53999299999998,137.770004,140.029999,139.245422,749700,-0.003831413063839939,0.0004739283400514438,0.059214889250863045
2018-11-28,140.28999299999998,141.559998,138.850006,140.580002,139.792343,1242900,-0.022813728533736644,-0.020301875363264443,0.03588483217411742
2018-11-29,140.449997,142.41000400000001,140.100006,141.580002,140.786743,767600,0.002091514691069385,-0.010325111300560685,0.02841900781269313
2018-11-30,141.470001,142.300003,140.929993,141.630005,140.836472,1148800,-0.012640415590004395,-0.019353881002365014,0.012093690818120173
2018-12-03,142.259995,142.28999299999998,140.279999,141.78999299999998,140.99556,1140300,-0.008881387849300815,-0.03528689436349364,-0.0032579263175884776
2018-12-04,141.949997,143.690002,137.979996,138.25,137.475403,1352600,-0.0019792426107363426,-0.036037202739041874,-0.009883858970924031
2018-12-06,138.080002,139.940002,135.770004,138.759995,137.982544,1392300,-0.01281188054464888,-0.01620547244949755,-0.0034040789453149145
2018-12-07,139.03999299999998,140.809998,136.350006,137.0,136.232407,855100,0.0014558869808061203,-0.0034038538399903118,-0.012910389320970772
2018-12-10,136.0,138.28999299999998,134.600006,137.699997,136.928482,984300,0.004199807545708367,0.018725997013411266,-0.013726411418674367
2018-12-11,139.479996,140.25,137.279999,137.770004,136.99809299999998,916100,-0.007518791795790847,0.01031693088746266,-0.029693161832086368
2018-12-12,139.78999299999998,140.190002,136.649994,136.729996,135.963913,619000,-0.02505461895878902,0.005118946703677629,-0.03375088498923429
2018-12-13,136.860001,137.610001,134.979996,135.529999,134.770645,960600,-0.012310249572277776,0.006256845100397257,-0.04245292205433149
2018-12-14,134.889999,135.860001,134.25,135.5,134.740814,845600,0.01026335740845763,0.017689844557446932,-0.02823379318105257
2018-12-17,135.759995,135.949997,130.860001,132.059998,131.320084,1451800,-0.01580335302678293,0.007761266293204727,-0.027714629191694762
2018-12-18,132.96000700000002,134.130005,131.91000400000001,132.449997,131.707886,1289400,-0.004080048615563214,-0.00020783080870678816,-0.03666400536094372
2018-12-19,133.050003,134.78999299999998,130.610001,131.360001,130.624008,1013500,-0.002536993725899883,0.003708316589913885,0.015946563056396634
2018-12-20,131.029999,131.029999,127.220001,128.320007,127.60104399999999,1354000,-0.01469287846505729,-0.004673005285473764,-0.008518143473267514
2018-12-21,128.240005,131.940002,127.339996,128.21000700000002,127.49166100000001,1983000,0.014123399536683401,0.02825489325704833,0.011535139700057151
2018-12-24,128.050003,128.679993,124.879997,124.949997,124.24991599999998,498800,-0.009307124534275069,0.03860064332956448,0.013101644946232227
2018-12-26,127.959999,130.330002,125.620003,130.28999299999998,129.559998,850000,-0.0308773219531977,0.012996714431762868,0.005414314447304669
2018-12-27,129.179993,132.449997,127.83000200000001,132.419998,132.419998,823700,0.005981301041074083,0.031028100535346326,0.021816561473996465
2018-12-28,132.830002,133.929993,130.71000700000002,132.229996,132.229996,562100,0.0007008910072352492,0.02797222420888712,0.024834467900241464
2018-12-31,133.080002,134.270004,132.490005,134.270004,134.270004,619700,0.005741856037313475,0.027573523600638694,0.029705961840699402
2019-01-02,133.330002,135.350006,132.880005,134.580002,134.580002,1067000,-0.003931171258757971,0.03612860181738764,0.03144741611881585
2019-01-03,134.28999299999998,135.0,131.149994,131.259995,131.259995,889900,-0.004994456422691584,0.016272625208332947,0.030292584166693892
2019-01-04,133.070007,136.619995,131.929993,136.130005,136.130005,694100,-0.0002811100961110924,0.017212920744809068,0.026783514811277165
2019-01-07,135.720001,138.279999,135.66000400000001,137.690002,137.690002,653500,0.008873370143510861,0.028175479985002916,0.022824836235170842
2019-01-08,138.33999599999999,138.740005,136.020004,137.08999599999999,137.08999599999999,748100,-0.011526864988195662,0.000851345281154714,0.023435239660208218
2019-01-09,137.600006,137.600006,135.009995,136.580002,136.580002,766800,-0.009361050859574505,-0.006771883091314379,0.01758865646887564
2019-01-10,135.66000400000001,136.130005,134.619995,135.720001,135.720001,737200,-0.008505368350046005,-0.024450016959610466,0.02555782024435338
2019-01-11,134.399994,136.020004,133.869995,134.949997,134.949997,920200,0.0009399029679970639,-0.03103175033217287,0.010740777087203668
2019-01-14,134.020004,134.550003,132.869995,133.479996,133.479996,485400,-0.004928435776244022,-0.036802598669034126,0.012843866500024781
2019-01-15,133.070007,133.610001,132.440002,133.58999599999999,133.58999599999999,557700,-0.005800926288671349,-0.049314362207954154,0.012756046966816648
2019-01-16,133.509995,134.41000400000001,133.229996,134.369995,134.369995,868200,0.005904601752865446,-0.050120580916663826,0.00874145805754889
2019-01-17,134.33999599999999,135.91000400000001,134.309998,135.5,135.5,543600,-0.001575324643821041,-0.035293054706973415,0.004347657402732352
2019-01-18,136.139999,138.669998,135.399994,138.059998,138.059998,499600,0.0066990360753322875,-0.02185650058439581,-0.0008639902755298579
2019-01-22,139.050003,139.509995,137.220001,138.070007,138.070007,550600,0.002370156816491331,0.0032993036406328002,0.010131126871574914
